ad_track,adid,attribute_text,coid,company_href,company_name,companyind_text,companysize_text,companytype_text,degreefrom,effect,isFromXyz,isIntern,is_special_job,iscommunicate,isdiffcity,issuedate,job_href,job_name,job_title,jobid,jobwelf,jobwelf_list,jt,providesalary_text,tags,type,updatedate,workarea,workarea_text,workyear
,,"成都-高新区,无需经验,大专,招5人",6852895,https://jobs.51job.com/all/coVTVdMVUzAz9VOFM5BmY.html,四川科航锐科技有限公司,计算机软件,,民营公司,5,1,,,,,,2022-03-06 16:40:09,https://jobs.51job.com/chengdu-gxq/138605995.html?s=sou_sou_soulb&t=0_0,周末双休数据分析助理,周末双休数据分析助理,138605995,五险一金 员工旅游 出国机会 弹性工作 年终奖金 绩效奖金 交通补贴 餐饮补贴 专业培训 通讯补贴,,0_0,6-8千/月,,engine_jds,03-06,090220,成都-高新区,10
,,"成都-武侯区,1年经验,大专,招4人",6805768,https://jobs.51job.com/all/coUzMCbgRnVG8EZlM2Bms.html,成都富维贝创科技有限公司,计算机软件,,民营公司,5,1,,,,,,2022-03-06 11:31:55,https://jobs.51job.com/chengdu-whq/136030068.html?s=sou_sou_soulb&t=0_0,分析师助理+周末双休,分析师助理+周末双休,136030068,,,0_0,6-8千/月,,engine_jds,03-06,090204,成都-武侯区,3
,,"成都,2年经验,本科,招若干人",842207,https://jobs.51job.com/all/co842207.html,成都岸宝科技集团有限公司,印刷/包装/造纸,500-1000人,民营公司,6,1,,,,,,2022-03-06 09:02:50,https://jobs.51job.com/chengdu/138047520.html?s=sou_sou_soulb&t=0_0,数据分析师,数据分析师,138047520,带薪年假 包吃 包住宿 绩效奖金 节日福利 专业培训 加班补贴 五险 弹性工作,,0_0,6-8千/月,,engine_jds,03-06,090200,成都,4
,,"成都-金牛区,1年经验,本科,招3人",4010754,https://jobs.51job.com/all/co4010754.html,四川柒元星实业有限公司,多元化业务集团公司,150-500人,民营公司,6,1,,,,1,,2022-03-06 00:21:27,https://jobs.51job.com/chengdu-jnq/138441978.html?s=sou_sou_soulb&t=0_0,无人机数据处理工程师,无人机数据处理工程师,138441978,员工旅游 餐饮补贴 通讯补贴 专业培训 出国机会 绩效奖金 年终奖金 五险一金,,0_0,0.5-1万/月,communicate,engine_jds,03-06,090203,成都-金牛区,3
,,"上海,3-4年经验,本科,招若干人",2485502,https://jobs.51job.com/all/co2485502.html,普华永道信息技术（上海）有限公司,计算机软件,500-1000人,外资（欧美）,6,1,,,,,1,2022-03-06 09:00:25,https://jobs.51job.com/shanghai-pdxq/134750781.html?s=sou_sou_soulb&t=0_1,ETL,ETL,134750781,五险一金 补充医疗保险 员工旅游 交通补贴 年终奖金 专业培训 定期体检 通讯补贴 弹性工作 出国机会,,0_1,1.2-2.4万/月,,engine_jds,03-06,021000,上海,5
,,"成都-武侯区,5-7年经验,招1人",4400526,https://jobs.51job.com/all/co4400526.html,美团,互联网/电子商务,10000人以上,上市公司,,1,,,,,,2022-03-06 04:01:59,https://jobs.51job.com/chengdu-whq/138589440.html?s=sou_sou_soulb&t=0_0,外卖技术-数据工具后端研发（数据仓库方向）,外卖技术-数据工具后端研发（数据仓库方向）,138589440,,,0_0,,,engine_jds,03-06,090204,成都-武侯区,6
,,"成都-高新区,2年经验,本科,招1人",5182668,https://jobs.51job.com/all/co5182668.html,必竟智能家居（上海）有限公司,家具/家电/玩具/礼品,150-500人,民营公司,6,1,,,,,,2022-03-06 04:01:59,https://jobs.51job.com/chengdu-gxq/138588709.html?s=sou_sou_soulb&t=0_0,数据分析师,数据分析师,138588709,带薪年假 节日福利 五险一金 做五休二,,0_0,7-8.5千/月,,engine_jds,03-06,090220,成都-高新区,4
,,"杭州,3-4年经验,本科,招若干人",3746688,https://jobs.51job.com/all/co3746688.html,电讯盈科企业方案,计算机软件,10000人以上,外资（非欧美）,6,1,,,,,1,2022-03-06 04:01:59,https://jobs.51job.com/hangzhou-xsq/138585090.html?s=sou_sou_soulb&t=0_1,ETL开发工程师,ETL开发工程师,138585090,五险一金 员工旅游 专业培训 绩效奖金 年终奖金 弹性工作 定期体检,,0_1,1.3-2.2万/月,,engine_jds,03-06,080208,杭州,5
,,"成都-武侯区,3-4年经验,本科,招2人",6021948,https://jobs.51job.com/all/co6021948.html,南京民基悠步信息技术有限公司,计算机软件,50-150人,民营公司,6,1,,,,,,2022-03-06 04:01:59,https://jobs.51job.com/chengdu-whq/138582586.html?s=sou_sou_soulb&t=0_0,数据分析师,数据分析师,138582586,五险一金 年终奖金,,0_0,1.5-2.5万/月,,engine_jds,03-06,090204,成都-武侯区,5
,,"成都-高新区,1年经验,大专,招2人",3931447,https://jobs.51job.com/all/co3931447.html,成都心吉康科技有限公司,医疗设备/器械,50-150人,民营公司,5,1,,,,,,2022-03-06 04:01:59,https://jobs.51job.com/chengdu-gxq/138570601.html?s=sou_sou_soulb&t=0_0,数据标注员,数据标注员,138570601,五险一金 股票期权 专业培训 定期体检 生日福利 节日福利 加班补助 补充医疗保险 周末双休 餐补,,0_0,4-5千/月,,engine_jds,03-06,090220,成都-高新区,3
,,"成都-高新区,1年经验,大专,招1人",6680560,https://jobs.51job.com/all/coCGhWNF41VWtTM1M2Amc.html,成都嘉程智宇信息技术有限公司,通信/电信/网络设备,150-500人,民营公司,5,1,,,,,,2022-03-06 04:01:59,https://jobs.51job.com/chengdu-gxq/138247558.html?s=sou_sou_soulb&t=0_0,用户数据运营,用户数据运营,138247558,五险一金 餐饮补贴 年终奖金 定期体检,,0_0,5-7千/月,,engine_jds,03-06,090220,成都-高新区,3
,,"成都-武侯区,1年经验,大专,招3人",6898176,https://jobs.51job.com/all/coA2NRPQBqVWMDZwNnUjE.html,四川润恒德科技有限公司,计算机软件,,民营公司,5,1,,,,,,2022-03-06 04:01:59,https://jobs.51job.com/chengdu-whq/137689509.html?s=sou_sou_soulb&t=0_0,数据分析师,数据分析师,137689509,,,0_0,6-8千/月,,engine_jds,03-06,090204,成都-武侯区,3
,,"成都-武侯区,2年经验,本科,招1人",6075457,https://jobs.51job.com/all/co6075457.html,平安普惠信息服务有限公司成都武青南路分公司,金融/投资/证券,1000-5000人,民营公司,6,1,,,,,,2022-03-06 04:01:59,https://jobs.51job.com/chengdu-whq/129755755.html?s=sou_sou_soulb&t=0_0,数据分析岗,数据分析岗,129755755,专业培训 绩效奖金 高温补贴 节日福利 带薪年假 五险一金 补充医疗保险 年终奖金 定期体检,,0_0,6-8千/月,,engine_jds,03-06,090204,成都-武侯区,4
,,"成都-高新区,3-4年经验,本科,招1人",4839389,https://jobs.51job.com/all/co4839389.html,亚信科技OBC,计算机软件,10000人以上,民营公司,6,1,,,,,,2022-03-06 04:01:59,https://jobs.51job.com/chengdu-gxq/138538654.html?s=sou_sou_soulb&t=0_0,数据分析师,数据分析师,138538654,,,0_0,10.8-13.2万/年,,engine_jds,03-06,090220,成都-高新区,5
,,"成都-锦江区,2年经验,本科,招2人",2012368,https://jobs.51job.com/all/co2012368.html,广东铭太信息科技有限公司,计算机软件,150-500人,民营公司,6,1,,,,,,2022-03-06 04:00:00,https://jobs.51job.com/chengdu-jjq/137662958.html?s=sou_sou_soulb&t=0_0,数据分析师,数据分析师,137662958,五险一金 带薪年假,,0_0,0.8-1万/月,,engine_jds,03-06,090202,成都-锦江区,4
,,"成都-武侯区,无需经验,大专,招20人",6577810,https://jobs.51job.com/all/coBmZTMlQwBTxWOwVnXDk.html,四川初卓商务服务有限公司,互联网/电子商务,150-500人,民营公司,5,1,,,,,,2022-03-06 16:28:32,https://jobs.51job.com/chengdu-whq/136820734.html?s=sou_sou_soulb&t=0_0,数据标注专员/早九晚周末双休,数据标注专员/早九晚周末双休,136820734,五险一金 交通补贴 餐饮补贴 绩效奖金 全勤奖 弹性工作 专业培训 节日福利 生日福利,,0_0,3-5千/月,,engine_jds,03-06,090204,成都-武侯区,10
,,"成都-成华区,无需经验,大专,招1人",6749730,https://jobs.51job.com/all/coVTVUN1I1AzQCYFExUzY.html,成都海琼商务信息咨询有限公司,计算机软件,,民营公司,5,1,,,,,,2022-03-06 13:50:32,https://jobs.51job.com/chengdu-chq/136054147.html?s=sou_sou_soulb&t=0_0,数据处理,数据处理,136054147,,,0_0,0.6-1.2万/月,,engine_jds,03-06,090205,成都-成华区,10
,,"成都,2年经验,本科,招1人",4667414,https://jobs.51job.com/all/co4667414.html,常州易控汽车电子股份有限公司,汽车,150-500人,上市公司,6,1,,,,,,2022-03-06 13:48:57,https://jobs.51job.com/chengdu/125992468.html?s=sou_sou_soulb&t=0_0,数据分析师,数据分析师,125992468,五险一金 员工旅游 餐饮补贴 绩效奖金 年终奖金 定期体检 周末双休 带薪年假,,0_0,0.6-1万/月,,engine_jds,03-06,090200,成都,4
,,"成都-高新区,无需经验,大专,招若干人",6503976,https://jobs.51job.com/all/coCGgBYFEyBThRPVE1VjU.html,四川圆梦巨人科技有限公司,计算机服务(系统、数据服务、维修),少于50人,民营公司,5,1,,,,,,2022-03-06 12:40:29,https://jobs.51job.com/chengdu-gxq/132709286.html?s=sou_sou_soulb&t=0_0,数据分析助理,数据分析助理,132709286,,,0_0,6-8千/月,,engine_jds,03-06,090220,成都-高新区,10
,,"成都-彭州市,3-4年经验,大专,招1人",5305454,https://jobs.51job.com/all/co5305454.html,四川民福记食品有限公司,快速消费品(食品、饮料、化妆品),1000-5000人,民营公司,5,1,,,,,,2022-03-06 10:54:28,https://jobs.51job.com/chengdu-pzs/134343252.html?s=sou_sou_soulb&t=0_0,数据统计分析专员,数据统计分析专员,134343252,五险一金 包吃 包住宿 节日福利 弹性工作,,0_0,4-5千/月,,engine_jds,03-06,090211,成都-彭州市,5
,,"成都-武侯区,3-4年经验,本科,招1人",4889908,https://jobs.51job.com/all/co4889908.html,成都读懂儿童教育咨询有限公司,教育/培训/院校,少于50人,创业公司,6,1,,,,,,2022-03-06 10:00:01,https://jobs.51job.com/chengdu-whq/136813999.html?s=sou_sou_soulb&t=0_0,数据分析师（幼教市场分析师）,数据分析师（幼教市场分析师）,136813999,周末双休 专业培训,,0_0,6-8千/月,,engine_jds,03-06,090204,成都-武侯区,5
,,"成都-温江区,2年经验,大专,招2人",2508039,https://jobs.51job.com/all/co2508039.html,成都扬名食品有限公司,快速消费品(食品、饮料、化妆品),500-1000人,民营公司,5,1,,,,,,2022-03-06 09:40:28,https://jobs.51job.com/chengdu-wjq/131065479.html?s=sou_sou_soulb&t=0_0,数据分析专员,数据分析专员,131065479,社保 绩效奖金 免费班车 通讯补贴 专业培训 定期体检 大小星期 意外保险 餐饮补贴,,0_0,4-6千/月,,engine_jds,03-06,090209,成都-温江区,4
,,"成都,3-4年经验,大专,招3人",6490590,https://jobs.51job.com/all/coAGAHZ1U_UmxTMwNpXDk.html,郑州辰而将行软件科技有限公司,计算机软件,50-150人,民营公司,5,1,,,,,,2022-03-06 09:12:44,https://jobs.51job.com/chengdu/132249248.html?s=sou_sou_soulb&t=0_0,ETL开发工程师,ETL开发工程师,132249248,五险一金 年终奖金,,0_0,0.8-1.3万/月,,engine_jds,03-06,090200,成都,5
,,"成都-双流区,无需经验,本科,招3人",5661484,https://jobs.51job.com/all/co5661484.html,成都匠领科技有限公司,计算机软件,50-150人,民营公司,6,1,,,,,,2022-03-06 09:02:26,https://jobs.51job.com/chengdu-slq/130737875.html?s=sou_sou_soulb&t=0_0,数据分析专员,数据分析专员,130737875,五险一金 补充医疗保险 员工旅游 交通补贴 餐饮补贴 专业培训 出国机会 绩效奖金 年终奖金 股票期权,,0_0,0.3-1万/月,,engine_jds,03-06,090215,成都-双流区,10
,,"成都-高新区,3-4年经验,招若干人",849609,https://jobs.51job.com/all/co849609.html,亿磐,计算机软件,10000人以上,外资（欧美）,,1,,,,,,2022-03-06 09:00:01,https://jobs.51job.com/chengdu-gxq/137226659.html?s=sou_sou_soulb&t=0_0,Senior Data Analyst (Data Model),Senior Data Analyst (Data Model),137226659,专业培训 弹性工作 五险一金 补充医疗保险 上市公司 发展空间大,,0_0,2-2.8万/月,,engine_jds,03-06,090220,成都-高新区,5
,,"成都-天府新区,3-4年经验,本科,招2人",6602370,https://jobs.51job.com/all/coBWVTMQdkAj4DZQNnVDE.html,四川凤集生态农业发展有限公司,快速消费品(食品、饮料、化妆品),500-1000人,外资（欧美）,6,1,,,,,,2022-03-06 08:29:50,https://jobs.51job.com/chengdu-tfxq/136579385.html?s=sou_sou_soulb&t=0_0,运营数据分析师,运营数据分析师,136579385,五险一金 员工旅游 通讯补贴 绩效奖金 年终奖金 弹性工作 节假日礼品 专业培训 行业交流,,0_0,0.8-1.2万/月,,engine_jds,03-06,090222,成都-天府新区,5
,,"成都-高新区,1年经验,大专,招1人",3696422,https://jobs.51job.com/all/co3696422.html,去哪儿网机票事业部,互联网/电子商务,1000-5000人,上市公司,5,1,,,,,,2022-03-06 07:03:28,https://jobs.51job.com/chengdu-gxq/137370852.html?s=sou_sou_soulb&t=0_0,数据分析专员,数据分析专员,137370852,周末双休 带薪年假 五险一金 绩效奖金 员工旅游 专业培训 定期体检,,0_0,4-6千/月,,engine_jds,03-06,090220,成都-高新区,3
,,"成都,3-4年经验,本科,招1人",2547589,https://jobs.51job.com/all/co2547589.html,电信事业部,通信/电信运营、增值服务,500-1000人,外资（欧美）,6,1,,,,,,2022-03-06 07:00:23,https://jobs.51job.com/chengdu/133796526.html?s=sou_sou_soulb&t=0_0,ETL开发工程师,ETL开发工程师,133796526,五险一金 补充医疗保险 通讯补贴 绩效奖金 年终奖金 定期体检 弹性工作,,0_0,1.5-2.5万/月,,engine_jds,03-06,090200,成都,5
,,"成都-锦江区,1年经验,大专,招6人",6540385,https://jobs.51job.com/all/coAGBTMgViAjwAZlY9AmI.html,四川凯洋浩博科技有限公司,金融/投资/证券,50-150人,民营公司,5,1,,,,,,2022-03-06 04:01:59,https://jobs.51job.com/chengdu-jjq/131804597.html?s=sou_sou_soulb&t=0_0,分析师助理+周末双休,分析师助理+周末双休,131804597,五险一金 出国机会 员工旅游 绩效奖金 弹性工作,,0_0,6-8千/月,,engine_jds,03-06,090202,成都-锦江区,3
,,"成都,无需经验,大专,招2人",3134936,https://jobs.51job.com/all/co3134936.html,四川空间座标信息科技有限公司,计算机软件,50-150人,民营公司,5,1,,,,,,2022-03-06 04:01:59,https://jobs.51job.com/chengdu/131591923.html?s=sou_sou_soulb&t=0_0,数据分析师,数据分析师,131591923,周末双休 带薪年假 五险一金 节日福利 餐饮补贴 绩效奖金,,0_0,6-8千/月,,engine_jds,03-06,090200,成都,10
,,"成都-高新区,无需经验,大专,招9人",6735460,https://jobs.51job.com/all/coBGRSMVIyBzxUNVA1VTA.html,广州朝晖网络科技有限公司,电子技术/半导体/集成电路,,民营公司,5,1,,,,,,2022-03-06 01:51:35,https://jobs.51job.com/chengdu-gxq/136852900.html?s=sou_sou_soulb&t=0_0,诚聘数据分析师,诚聘数据分析师,136852900,五险一金 包吃 周末双休 年终双薪 餐饮补贴 通讯补贴 交通补贴 加班补贴,,0_0,5.5-8千/月,,engine_jds,03-06,090220,成都-高新区,10
,,"成都-高新区,无需经验,大专,招8人",6779202,https://jobs.51job.com/all/coAGABYlA0BTIDZABjAWY.html,广州市创盟传媒科技有限公司,计算机软件,,民营公司,5,1,,,,,,2022-03-06 01:51:31,https://jobs.51job.com/chengdu-gxq/135796301.html?s=sou_sou_soulb&t=0_0,数据分析师实习生,数据分析师实习生,135796301,六险一金 周末双休 餐饮补贴 通讯补贴 交通补贴 加班补贴,,0_0,3-4千/月,,engine_jds,03-06,090220,成都-高新区,10
,,"成都-武侯区,2年经验,大专,招1人",4876326,https://jobs.51job.com/all/co4876326.html,四川中原物业顾问有限公司,房地产,1000-5000人,外资（非欧美）,5,1,,,,,,2022-03-06 00:09:21,https://jobs.51job.com/chengdu-whq/135842973.html?s=sou_sou_soulb&t=0_0,房地产数据专员,房地产数据专员,135842973,员工旅游 出国机会 绩效奖金 带薪休假 弹性工作 做五休二 五险一金,,0_0,4.5-6千/月,,engine_jds,03-06,090204,成都-武侯区,4
,,"成都-高新区,无需经验,大专,招2人",6895422,https://jobs.51job.com/all/coUTFVOVY8BD8EZQJjUzQ.html,四川同星瑞通讯科技有限公司,通信/电信/网络设备,,民营公司,5,1,,,,,,2022-03-05 17:46:53,https://jobs.51job.com/chengdu-gxq/137763705.html?s=sou_sou_soulb&t=0_0,大数据实习,大数据实习,137763705,五险一金 专业培训 绩效奖金 年终奖金 弹性工作 定期体检 补充医疗保险 交通补贴,,0_0,6-8千/月,,engine_jds,03-05,090220,成都-高新区,10
,,"成都-双流区,3-4年经验,本科,招1人",159304,https://jobs.51job.com/all/co159304.html,广州赛意信息科技股份有限公司,计算机软件,1000-5000人,上市公司,6,1,,,,,,2022-03-05 15:00:01,https://jobs.51job.com/chengdu-slq/136802609.html?s=sou_sou_soulb&t=0_0,中级ETL开发工程师,中级ETL开发工程师,136802609,五险一金 补充医疗保险,,0_0,1-2万/月,,engine_jds,03-05,090215,成都-双流区,5
,,"成都-青羊区,1年经验,大专,招1人",5567972,https://jobs.51job.com/all/co5567972.html,四川百世威体育用品有限公司,批发/零售,150-500人,民营公司,5,1,,,,,,2022-03-05 14:00:01,https://jobs.51job.com/chengdu-qyq/138464155.html?s=sou_sou_soulb&t=0_0,数据专员,数据专员,138464155,员工旅游 餐饮补贴 绩效奖金 专业培训 定期体检 年终奖金,,0_0,4-4.8千/月,,engine_jds,03-05,090201,成都-青羊区,3
,,"成都-金牛区,5-7年经验,本科,招1人",6704940,https://jobs.51job.com/all/coVDRWNVQ3AjhTPwxrUjc.html,四川悦衣美萱品牌管理有限公司,服装/纺织/皮革,150-500人,民营公司,6,1,,,,,,2022-03-05 11:16:23,https://jobs.51job.com/chengdu-jnq/135989527.html?s=sou_sou_soulb&t=0_0,高级数据分析师,高级数据分析师,135989527,六险 绩效奖金 专业培训 加班补贴 年终分红,,0_0,1.5-2.5万/月,,engine_jds,03-05,090203,成都-金牛区,6
,,"成都,3-4年经验,大专,招若干人",2275011,https://jobs.51job.com/all/co2275011.html,郑州软通合力计算机技术有限公司,计算机软件,150-500人,民营公司,5,1,,,,,,2022-03-05 10:33:58,https://jobs.51job.com/chengdu/133869004.html?s=sou_sou_soulb&t=0_0,ETL开发工程师,ETL开发工程师,133869004,五险一金 免费班车 餐饮补贴,,0_0,0.8-1.5万/月,,engine_jds,03-05,090200,成都,5
,,"成都-高新区,5-7年经验,本科,招2人",5176547,https://jobs.51job.com/all/co5176547.html,元气森林（北京）食品科技集团有限公司,快速消费品(食品、饮料、化妆品),1000-5000人,合资,6,1,,,,,,2022-03-05 10:00:01,https://jobs.51job.com/chengdu-gxq/138451828.html?s=sou_sou_soulb&t=0_0,主数据治理专家 (MJ004726),主数据治理专家 (MJ004726),138451828,五险一金 定期体检 弹性工作 无限畅饮 补充医疗保险 节日福利,,0_0,2-3万/月,,engine_jds,03-05,090220,成都-高新区,6
,,"成都-锦江区,3-4年经验,大专,招1人",3679565,https://jobs.51job.com/all/co3679565.html,四川杰斯顿电气设备有限公司,仪器仪表/工业自动化,50-150人,民营公司,5,1,,,,,,2022-03-05 10:00:01,https://jobs.51job.com/chengdu-jjq/138381183.html?s=sou_sou_soulb&t=0_0,简阳线损负责人,简阳线损负责人,138381183,年终奖金 带薪年假 周末双休,,0_0,4-6千/月,,engine_jds,03-05,090202,成都-锦江区,5
,,"成都-青羊区,1年经验,大专,招若干人",6505498,https://jobs.51job.com/all/coUzNQMQVmU2gDYgRuUj8.html,四川淘福供应链有限公司,互联网/电子商务,少于50人,民营公司,5,1,,,,,,2022-03-05 09:23:13,https://jobs.51job.com/chengdu-qyq/136995495.html?s=sou_sou_soulb&t=0_0,数据处理工程师（元宇宙领域）,数据处理工程师（元宇宙领域）,136995495,绩效奖金 购买社保 股票期权,,0_0,4-6千/月,,engine_jds,03-05,090201,成都-青羊区,3
,,"成都-高新区,2年经验,大专,招1人",3232311,https://jobs.51job.com/all/co3232311.html,成都金尚品珠宝有限公司,奢侈品/收藏品/工艺品/珠宝,150-500人,民营公司,5,1,,,,,,2022-03-05 04:02:11,https://jobs.51job.com/chengdu-gxq/138454513.html?s=sou_sou_soulb&t=0_0,数据分析助理,数据分析助理,138454513,餐饮补贴 绩效奖金 年终奖金 员工旅游 周末双休 五险,,0_0,4-6千/月,,engine_jds,03-05,090220,成都-高新区,4
,,"成都-武侯区,无需经验,本科,招1人",726270,https://jobs.51job.com/all/co726270.html,成都新东方学校,教育/培训/院校,1000-5000人,上市公司,6,1,,,,,,2022-03-04 20:11:54,https://jobs.51job.com/chengdu-whq/136966266.html?s=sou_sou_soulb&t=0_0,数据专员(J27460),数据专员(J27460),136966266,五险一金 专业培训 定期体检 出国机会 绩效奖金 员工旅游 餐饮补贴 定期团建 交通补贴 补充医疗保险,,0_0,0.6-1万/月,,engine_jds,03-04,090204,成都-武侯区,10
,,"成都-锦江区,5-7年经验,本科,招3人",5395,https://jobs.51job.com/all/co5395.html,友邦资讯科技（广州）有限公司,计算机软件,500-1000人,外资（非欧美）,6,1,,,,,,2022-03-04 18:13:14,https://jobs.51job.com/chengdu-jjq/134511695.html?s=sou_sou_soulb&t=0_0,ETL开发工程师,ETL开发工程师,134511695,五险一金 补充医疗保险 年终奖金 绩效奖金 弹性工作 大牛遍布 15薪 超长带薪年假,,0_0,1.5-2万/月,,engine_jds,03-04,090202,成都-锦江区,6
,,"成都-锦江区,3-4年经验,大专,招2人",4850848,https://jobs.51job.com/all/co4850848.html,成都大数汇聚科技有限公司,计算机软件,50-150人,民营公司,5,1,,,,,,2022-03-04 17:56:50,https://jobs.51job.com/chengdu-jjq/134019306.html?s=sou_sou_soulb&t=0_0,ETL开发工程师,ETL开发工程师,134019306,五险一金 交通补贴 餐饮补贴 年终奖金 绩效奖金 弹性工作 定期体检 专业培训,,0_0,1-2万/月,,engine_jds,03-04,090202,成都-锦江区,5
,,"成都-武侯区,2年经验,本科,招1人",6618088,https://jobs.51job.com/all/coVTVSMF89VWMGYwFqBms.html,爱思特医疗美容有限公司,医疗/护理/卫生,,外资（非欧美）,6,1,,,,,,2022-03-04 16:17:19,https://jobs.51job.com/chengdu-whq/137852206.html?s=sou_sou_soulb&t=0_0,数据分析员（管理集团旗下VIP会员数据）,数据分析员（管理集团旗下VIP会员数据）,137852206,补充医疗保险 餐饮补贴 绩效奖金 五险一金,,0_0,0.7-1万/月,,engine_jds,03-04,090204,成都-武侯区,4
,,"成都,3-4年经验,大专,招1人",3327621,https://jobs.51job.com/all/co3327621.html,成都钻立方珠宝有限公司,奢侈品/收藏品/工艺品/珠宝,500-1000人,民营公司,5,1,,,,,,2022-03-04 16:12:39,https://jobs.51job.com/chengdu/137555290.html?s=sou_sou_soulb&t=0_0,数据仓库工程师,数据仓库工程师,137555290,五险一金 员工旅游 通讯补贴 专业培训 定期体检 年终奖金,,0_0,0.8-1.5万/月,,engine_jds,03-04,090200,成都,5
,,"成都,1年经验,本科,招2人",4130455,https://jobs.51job.com/all/co4130455.html,成都信拓卓成科技有限公司,通信/电信/网络设备,少于50人,民营公司,6,1,,,,,,2022-03-04 15:54:49,https://jobs.51job.com/chengdu/138089508.html?s=sou_sou_soulb&t=0_0,数据开发工程师,数据开发工程师,138089508,五险一金 补充医疗保险 员工旅游 交通补贴 餐饮补贴 通讯补贴 定期体检 绩效奖金,,0_0,5-8千/月,,engine_jds,03-04,090200,成都,3
,,"成都-天府新区,2年经验,大专,招若干人",720257,https://jobs.51job.com/all/co720257.html,纬创软件（武汉）有限公司,计算机软件,5000-10000人,外资（非欧美）,5,1,,,,,,2022-03-04 15:14:46,https://jobs.51job.com/chengdu-tfxq/138379608.html?s=sou_sou_soulb&t=0_0,ETL开发工程师,ETL开发工程师,138379608,,,0_0,1.2-1.8万/月,,engine_jds,03-04,090222,成都-天府新区,4
,,"成都-高新区,无需经验,大专,招若干人",6577705,https://jobs.51job.com/all/coVjZUNQdjATgAYlY1XT0.html,成都聚数云海科技有限公司,计算机软件,少于50人,民营公司,5,1,,1,,,,2022-03-04 14:35:14,https://jobs.51job.com/chengdu-gxq/135579470.html?s=sou_sou_soulb&t=0_0,数据分析师实习生,数据分析师实习生,135579470,,,0_0,3-4.5千/月,intern,engine_jds,03-04,090220,成都-高新区,10
ad_track,adid,attribute_text,coid,company_href,company_name,companyind_text,companysize_text,companytype_text,degreefrom,effect,isFromXyz,isIntern,is_special_job,iscommunicate,isdiffcity,issuedate,job_href,job_name,job_title,jobid,jobwelf,jobwelf_list,jt,providesalary_text,tags,type,updatedate,workarea,workarea_text,workyear
,,"成都-新都区,无需经验,高中,招5人",6413251,https://jobs.51job.com/all/co6413251.html,深圳满天星国际供应链有限公司,计算机软件,,民营公司,2,1,,,,,,2022-03-06 04:01:18,https://jobs.51job.com/chengdu-xdq/138579727.html?s=sou_sou_soulb&t=0_0,高新直聘跨境电商物流销售,高新直聘跨境电商物流销售,138579727,弹性工作 节日福利 专业培训 带薪年假 绩效奖金 六险一金 年度旅游 下午茶,,0_0,4.5-6千/月,,engine_jds,03-06,090208,成都-新都区,10
,,"成都-武侯区,2年经验,大专,招1人",6857113,https://jobs.51job.com/all/coAmJSPlE3Vm8OagBiAGY.html,成都汉姆冷烟科技有限公司,电子技术/半导体/集成电路,少于50人,民营公司,5,1,,,,,,2022-03-06 04:01:18,https://jobs.51job.com/chengdu-whq/138559930.html?s=sou_sou_soulb&t=0_0,跨境电商ebay运营主管,跨境电商ebay运营主管,138559930,五险一金 餐饮补贴 交通补贴,,0_0,0.5-1万/月,,engine_jds,03-06,090204,成都-武侯区,4
,,"成都,2年经验,本科,招若干人",428472,https://jobs.51job.com/all/co428472.html,四川华景国贸实业有限责任公司,贸易/进出口,50-150人,民营公司,6,1,,,,,,2022-03-06 04:01:18,https://jobs.51job.com/chengdu/137765998.html?s=sou_sou_soulb&t=0_0,跨境电商运营专员,跨境电商运营专员,137765998,周末双休 带薪年假 五险一金 绩效奖金 节日福利 专业培训 交通补贴 餐饮补贴 加班补贴 通讯补贴,,0_0,6-8千/月,,engine_jds,03-06,090200,成都,4
,,"成都,2年经验,大专,招1人",5492526,https://jobs.51job.com/all/co5492526.html,四川绿色立白纸业有限公司,快速消费品(食品、饮料、化妆品),50-150人,民营公司,5,1,,,,,,2022-03-06 04:01:18,https://jobs.51job.com/chengdu/137230896.html?s=sou_sou_soulb&t=0_0,跨境电商运营,跨境电商运营,137230896,五险一金 绩效奖金 节日福利,,0_0,0.5-1万/月,,engine_jds,03-06,090200,成都,4
,,"成都-武侯区,无需经验,大专,招5人",5631764,https://jobs.51job.com/all/co5631764.html,成都嘉信康宇科技有限公司,贸易/进出口,50-150人,民营公司,5,1,,,,,,2022-03-06 04:01:18,https://jobs.51job.com/chengdu-whq/122171012.html?s=sou_sou_soulb&t=0_0,跨境电商运营,跨境电商运营,122171012,五险一金 带薪年假 节日福利 住房补贴 餐饮补贴 生日礼金 年终奖金 周末双休,,0_0,6-8千/月,,engine_jds,03-06,090204,成都-武侯区,10
,,"成都-金牛区,3-4年经验,本科,招1人",5592027,https://jobs.51job.com/all/co5592027.html,山东滨州海发网业有限责任公司,建筑/建材/工程,少于50人,民营公司,6,1,,,,,,2022-03-06 14:50:58,https://jobs.51job.com/chengdu-jnq/120275918.html?s=sou_sou_soulb&t=0_0,跨境电商运营,跨境电商运营,120275918,利润提成 绩效工资 管理岗位分红 年终分红 五险一金,,0_0,1-2万/月,,engine_jds,03-06,090203,成都-金牛区,5
,,"成都-武侯区,无需经验,大专,招4人",6592271,https://jobs.51job.com/all/coAWEAYQVvVWlRNgVhVDA.html,成都市荣兴致远科技有限公司,金融/投资/证券,少于50人,民营公司,5,1,,,,,,2022-03-06 14:00:01,https://jobs.51job.com/chengdu-whq/137616212.html?s=sou_sou_soulb&t=0_0,跨境电商咨询顾问,跨境电商咨询顾问,137616212,全勤奖 节日福利 餐饮补贴,,0_0,0.8-1万/月,,engine_jds,03-06,090204,成都-武侯区,10
,,"成都-高新区,3-4年经验,本科,招1人",5515106,https://jobs.51job.com/all/co5515106.html,深圳市猿人创新科技有限公司,互联网/电子商务,500-1000人,民营公司,6,1,,,,,,2022-03-06 04:01:18,https://jobs.51job.com/chengdu-gxq/138490382.html?s=sou_sou_soulb&t=0_0,跨境电商运营主管,跨境电商运营主管,138490382,,,0_0,1-1.2万/月,,engine_jds,03-06,090220,成都-高新区,5
,,"成都-高新区,1年经验,大专,招1人",6334517,https://jobs.51job.com/all/co6334517.html,成都安瑞健康科技有限公司,计算机软件,50-150人,外资（欧美）,5,1,,,,,,2022-03-06 04:00:00,https://jobs.51job.com/chengdu-gxq/133528216.html?s=sou_sou_soulb&t=0_0,跨境电商德语运营专员,跨境电商德语运营专员,133528216,出国机会 周末双休 不加班 带薪年假 五险一金 绩效奖金 节日福利 年终奖金 团队活动 专业培训,,0_0,0.5-1万/月,,engine_jds,03-06,090220,成都-高新区,3
,,"成都-武侯区,无需经验,大专,招5人",6799903,https://jobs.51job.com/all/coCWldPgBqBDNUOANgVTM.html,四川安屹文化传播有限公司,专业服务(咨询、人力资源、财会),少于50人,民营公司,5,1,,,,,,2022-03-05 14:33:32,https://jobs.51job.com/chengdu-whq/137856717.html?s=sou_sou_soulb&t=0_0,跨境电商销售+补贴+住宿,跨境电商销售+补贴+住宿,137856717,五险一金 员工旅游 餐饮补贴 专业培训 年终奖金 交通补贴,,0_0,6-8千/月,,engine_jds,03-05,090204,成都-武侯区,10
,,"成都-新都区,1年经验,大专,招2人",2531935,https://jobs.51job.com/all/co2531935.html,北京华夏志勇科技发展有限公司,贸易/进出口,150-500人,民营公司,5,1,,,,,,2022-03-05 09:08:53,https://jobs.51job.com/chengdu-xdq/131432219.html?s=sou_sou_soulb&t=0_0,跨境电商 ebay 速卖通英语,跨境电商 ebay 速卖通英语,131432219,全勤奖 节日福利 专业培训,,0_0,3-9千/月,,engine_jds,03-05,090208,成都-新都区,3
,,"成都-武侯区,1年经验,本科,招1人",6400814,https://jobs.51job.com/all/co6400814.html,成都森瑙科技有限公司,贸易/进出口,50-150人,民营公司,6,1,,,,,,2022-03-05 09:01:00,https://jobs.51job.com/chengdu-whq/132925277.html?s=sou_sou_soulb&t=0_0,eBay Amazon跨境电商美工/平面设计,eBay Amazon跨境电商美工/平面设计,132925277,带薪年假 五险一金 绩效奖金 节日福利 员工旅游 年终双薪,,0_0,6-9千/月,,engine_jds,03-05,090204,成都-武侯区,3
,,"成都-高新区,1年经验,大专,招5人",5821416,https://jobs.51job.com/all/co5821416.html,成都知机科技有限公司,贸易/进出口,50-150人,民营公司,5,1,,,,,,2022-03-05 04:01:26,https://jobs.51job.com/chengdu-gxq/121034115.html?s=sou_sou_soulb&t=0_0,跨境电商运营,跨境电商运营,121034115,员工旅游 专业培训 绩效奖金 年终奖金 年底双薪 节日福利 发展空间大,,0_0,0.5-1万/月,,engine_jds,03-05,090220,成都-高新区,3
,,"成都-武侯区,1年经验,大专,招6人",3817282,https://jobs.51job.com/all/co3817282.html,四川晨思瑞科技有限公司,贸易/进出口,50-150人,民营公司,5,1,,,,,,2022-03-04 16:54:12,https://jobs.51job.com/chengdu-whq/113892588.html?s=sou_sou_soulb&t=0_0,跨境电商外贸业务员,跨境电商外贸业务员,113892588,专业培训 五险一金 晋升空间 节日福利 带薪年假 全勤奖,,0_0,4-8千/月,,engine_jds,03-04,090204,成都-武侯区,3
,,"成都,1年经验,大专,招2人",3149226,https://jobs.51job.com/all/co3149226.html,成都天和世纪商贸有限公司,互联网/电子商务,50-150人,民营公司,5,1,,,,,,2022-03-04 16:17:33,https://jobs.51job.com/chengdu/109598911.html?s=sou_sou_soulb&t=0_0,跨境电商英语文员（双休+五险一金）,跨境电商英语文员（双休+五险一金）,109598911,节日福利 周末双休 五险一金 全勤奖 专业培训 公司活动 加班补贴 带薪年假 年终奖金,,0_0,4-6千/月,,engine_jds,03-04,090200,成都,3
,,"成都-双流区,1年经验,大专,招3人",6880104,https://jobs.51job.com/all/coUTECbgRvAz0BZVY1Bmc.html,成都亨尼斯皮具有限责任公司,服装/纺织/皮革,少于50人,民营公司,5,1,,,,,,2022-03-04 13:13:10,https://jobs.51job.com/chengdu-slq/137375000.html?s=sou_sou_soulb&t=0_0,跨境电商运营,跨境电商运营,137375000,弹性工作 年终奖金 五险一金 员工旅游 专业培训,,0_0,5-8千/月,,engine_jds,03-04,090215,成都-双流区,3
,,"成都-青羊区,2年经验,大专,招1人",575994,https://jobs.51job.com/all/co575994.html,先达国际货运（上海）有限公司,交通/运输/物流,150-500人,外资（非欧美）,5,1,,,,,,2022-03-04 11:55:46,https://jobs.51job.com/chengdu-qyq/134600842.html?s=sou_sou_soulb&t=0_0,跨境电商销售,跨境电商销售,134600842,五险一金 员工旅游 专业培训 年终奖金 定期体检 年终双薪 带薪年假,,0_0,0.5-1万/月,,engine_jds,03-04,090201,成都-青羊区,4
,,"成都-高新区,3-4年经验,大专,招1人",6737507,https://jobs.51job.com/all/coVjZRMlY2Bz5SMgZlVjQ.html,成都零压之家信息技术有限公司,互联网/电子商务,少于50人,民营公司,5,1,,,,,,2022-03-04 11:16:40,https://jobs.51job.com/chengdu-gxq/135831076.html?s=sou_sou_soulb&t=0_0,跨境电商运营主管,跨境电商运营主管,135831076,五险一金 绩效奖金 节日福利 专业培训 餐饮补贴 季度奖金,,0_0,0.8-1.5万/月,,engine_jds,03-04,090220,成都-高新区,5
,,"成都-武侯区,2年经验,大专,招1人",5748826,https://jobs.51job.com/all/co5748826.html,成都凯璞商业管理有限公司,贸易/进出口,50-150人,民营公司,5,1,,,,,,2022-03-04 10:47:29,https://jobs.51job.com/chengdu-whq/137324061.html?s=sou_sou_soulb&t=0_0,跨境电商独立站运营 seo sem,跨境电商独立站运营 seo sem,137324061,员工旅游 年终奖金 周末双休 节日福利 带薪年假,,0_0,8-10万/年,,engine_jds,03-04,090204,成都-武侯区,4
,,"成都-武侯区,1年经验,大专,招1人",6623864,https://jobs.51job.com/all/coBmZTMVEwDzIHagZjUjM.html,四川和光同尘农业集团有限公司,快速消费品(食品、饮料、化妆品),少于50人,民营公司,5,1,,,,,,2022-03-04 09:34:26,https://jobs.51job.com/chengdu-whq/137423468.html?s=sou_sou_soulb&t=0_0,跨境电商运营,跨境电商运营,137423468,带薪年假 节日福利 五险一金,,0_0,6-8千/月,,engine_jds,03-04,090204,成都-武侯区,3
,,"成都-成华区,无需经验,本科,招3人",3465956,https://jobs.51job.com/all/co3465956.html,成都洛德岛科技有限公司,互联网/电子商务,50-150人,民营公司,6,1,,,,,,2022-03-04 09:14:12,https://jobs.51job.com/chengdu-chq/132363966.html?s=sou_sou_soulb&t=0_0,双休--英语运营（跨境电商/市中心）,双休--英语运营（跨境电商/市中心）,132363966,周末双休 节日福利 生日红包 年终奖金 员工旅游 专业培训 五险一金 部门活动,,0_0,5-7千/月,,engine_jds,03-04,090205,成都-成华区,10
,,"成都-高新区,3-4年经验,大专,招若干人",2864462,https://jobs.51job.com/all/co2864462.html,上海宽域工业网络设备有限公司,通信/电信/网络设备,50-150人,民营公司,5,1,,,,,,2022-03-03 16:43:26,https://jobs.51job.com/chengdu-gxq/133894015.html?s=sou_sou_soulb&t=0_0,跨境电商运营,跨境电商运营,133894015,做五休二 周末双休 五险一金 年终奖金 绩效奖金 员工旅游 专业培训,,0_0,0.7-1.2万/月,,engine_jds,03-03,090220,成都-高新区,5
,,"成都-金牛区,5-7年经验,本科,招1人",3071529,https://jobs.51job.com/all/co3071529.html,四川合纵药易购医药股份有限公司,批发/零售,500-1000人,上市公司,6,1,,,,,,2022-03-03 16:30:07,https://jobs.51job.com/chengdu-jnq/138375429.html?s=sou_sou_soulb&t=0_0,跨境电商业务总监,跨境电商业务总监,138375429,五险一金 周末双休 节日福利 定期体检,,0_0,1.5-2万/月,,engine_jds,03-03,090203,成都-金牛区,6
,,"成都,2年经验,大专,招1人",4144122,https://jobs.51job.com/all/co4144122.html,四川宝英环境技术有限公司,环保,50-150人,民营公司,5,1,,,,,,2022-03-03 15:25:39,https://jobs.51job.com/chengdu/138351648.html?s=sou_sou_soulb&t=0_0,跨境电商运营,跨境电商运营,138351648,五险一金 周末双休 弹性工作 带薪年假 绩效奖金 节日福利 交通补贴 餐饮补贴 通讯补贴 年终奖金,,0_0,0.8-1万/月,,engine_jds,03-03,090200,成都,4
,,"成都,1年经验,大专,招2人",3057831,https://jobs.51job.com/all/co3057831.html,成都科瑞普医疗器械有限公司,医疗设备/器械,150-500人,民营公司,5,1,,,,,,2022-03-03 15:02:20,https://jobs.51job.com/chengdu/130563654.html?s=sou_sou_soulb&t=0_0,跨境电商运营,跨境电商运营,130563654,节日福利 带薪年假 购买五险 餐饮补贴 年终奖金 绩效奖金 专业培训 通讯补贴 周末双休 高温补贴,,0_0,0.6-1.2万/月,,engine_jds,03-03,090200,成都,3
,,"成都-武侯区,1年经验,大专,招1人",5893502,https://jobs.51job.com/all/co5893502.html,四川酷盼科技有限公司,互联网/电子商务,少于50人,民营公司,5,1,,,,,,2022-03-03 14:15:06,https://jobs.51job.com/chengdu-whq/136167711.html?s=sou_sou_soulb&t=0_0,美工（跨境电商）,美工（跨境电商）,136167711,全勤奖 绩效奖金 餐饮补贴 带薪年假 五险 定期体检,,0_0,5-8千/月,,engine_jds,03-03,090204,成都-武侯区,3
,,"成都-高新区,2年经验,大专,招1人",5288721,https://jobs.51job.com/all/co5288721.html,四川拓力泰工业设备制造有限公司,机械/设备/重工,少于50人,民营公司,5,1,,,,,,2022-03-03 13:20:03,https://jobs.51job.com/chengdu-gxq/133244567.html?s=sou_sou_soulb&t=0_0,跨境电商运营专员（早九晚五+双休）,跨境电商运营专员（早九晚五+双休）,133244567,员工旅游 年终奖金 绩效奖金 周末双休 带薪年假 全勤奖 节日福利 高温补贴 通讯补贴 房屋补贴,,0_0,4-8千/月,,engine_jds,03-03,090220,成都-高新区,4
,,"成都-武侯区,无需经验,本科,招1人",6658422,https://jobs.51job.com/all/coVjZWNFQyATcObwZnAGc.html,四川人瑞网络科技有限公司,计算机软件,,上市公司,6,1,,,,,,2022-03-03 09:29:51,https://jobs.51job.com/chengdu-whq/133618663.html?s=sou_sou_soulb&t=0_0,跨境电商运营,跨境电商运营,133618663,,,0_0,5-7千/月,,engine_jds,03-03,090204,成都-武侯区,10
,,"成都-锦江区,1年经验,大专,招2人",2898059,https://jobs.51job.com/all/co2898059.html,四川省国光机械进出口有限公司,贸易/进出口,少于50人,国企,5,1,,,,,,2022-03-02 18:20:44,https://jobs.51job.com/chengdu-jjq/119593386.html?s=sou_sou_soulb&t=0_0,跨境电商运营专员,跨境电商运营专员,119593386,五险一金 绩效奖金 定期体检 员工旅游,,0_0,5.5-8千/月,,engine_jds,03-02,090202,成都-锦江区,3
,,"佛山,无需经验,大专,招若干人",3559694,https://jobs.51job.com/all/co3559694.html,佛山摩伽科技有限公司,互联网/电子商务,150-500人,上市公司,5,1,,,,,1,2022-03-02 13:55:20,https://jobs.51job.com/foshan-ccq/131706493.html?s=sou_sou_soulb&t=0_1,跨境电商平台运营-eBay,跨境电商平台运营-eBay,131706493,餐饮补贴 出国机会 绩效奖金 年终奖金 定期体检 员工旅游 六险一金,,0_1,5-7千/月,,engine_jds,03-02,030601,佛山,10
,,"成都-邛崃市,3-4年经验,大专,招1人",5812711,https://jobs.51job.com/all/co5812711.html,浙江高度环保科技有限公司,环保,150-500人,民营公司,5,1,,,,,,2022-03-02 12:28:44,https://jobs.51job.com/chengdu-qls/137559631.html?s=sou_sou_soulb&t=0_0,跨境电商运营经理,跨境电商运营经理,137559631,包三餐 包住宿 节日福利 全勤奖 高温补贴 绩效奖金 带薪年假 住房补贴,,0_0,0.7-1.4万/月,,engine_jds,03-02,090212,成都-邛崃市,5
,,"成都-温江区,2年经验,本科,招1人",3209110,https://jobs.51job.com/all/co3209110.html,成都泛亚科锐硬质合金科技有限公司,贸易/进出口,少于50人,民营公司,6,1,,,,,,2022-03-02 10:06:57,https://jobs.51job.com/chengdu-wjq/138367081.html?s=sou_sou_soulb&t=0_0,跨境电商运营主管,跨境电商运营主管,138367081,五险一金 员工旅游 专业培训 出国机会 绩效奖金 年终奖金 股票期权,,0_0,0.7-1.2万/月,,engine_jds,03-02,090209,成都-温江区,4
,,"成都-高新区,1年经验,大专,招2人",5649690,https://jobs.51job.com/all/co5649690.html,成都市诚涵电子商务有限公司,互联网/电子商务,50-150人,民营公司,5,1,,,,,,2022-03-01 17:35:34,https://jobs.51job.com/chengdu-gxq/136621133.html?s=sou_sou_soulb&t=0_0,跨境电商选品专员,跨境电商选品专员,136621133,五险一金 弹性工作 绩效奖金 年终奖金,,0_0,0.6-1万/月,,engine_jds,03-01,090220,成都-高新区,3
,,"成都-高新区,3-4年经验,本科,招1人",6057473,https://jobs.51job.com/all/co6057473.html,深圳市猿人创新科技有限公司,互联网/电子商务,500-1000人,民营公司,6,1,,,,,,2022-03-01 15:29:11,https://jobs.51job.com/chengdu-gxq/136926096.html?s=sou_sou_soulb&t=0_0,跨境电商运营主管,跨境电商运营主管,136926096,五险一金 免费晚餐 专业培训 绩效奖金 下午茶 扁平化管理,,0_0,1-1.5万/月,,engine_jds,03-01,090220,成都-高新区,5
,,"成都-青羊区,1年经验,大专,招5人",5275981,https://jobs.51job.com/all/co5275981.html,成都市康特恩科技有限公司,贸易/进出口,500-1000人,民营公司,5,1,,,,,,2022-03-01 09:59:52,https://jobs.51job.com/chengdu-qyq/137245835.html?s=sou_sou_soulb&t=0_0,跨境电商产品文案编辑,跨境电商产品文案编辑,137245835,五险一金 年终奖金 绩效奖金 弹性工作 专业培训,,0_0,4-6千/月,,engine_jds,03-01,090201,成都-青羊区,3
,,"成都-双流区,3-4年经验,大专,招2人",5611495,https://jobs.51job.com/all/co5611495.html,成都长江热缩材料有限公司,原材料和加工,50-150人,民营公司,5,1,,,,,,2022-03-01 04:01:10,https://jobs.51job.com/chengdu-slq/138379295.html?s=sou_sou_soulb&t=0_0,跨境电商运营,跨境电商运营,138379295,五险一金 带薪年假 绩效奖金 周末双休 效益奖,,0_0,5-8千/月,,engine_jds,03-01,090215,成都-双流区,5
,,"成都-高新区,无需经验,大专,招30人",6941120,https://jobs.51job.com/all/coCGgAbQJlBjlWMlEwUTQ.html,都江堰市朗鑫通讯器材经营部,通信/电信/网络设备,50-150人,民营公司,5,1,,,,,,2022-02-28 04:01:09,https://jobs.51job.com/chengdu-gxq/138324886.html?s=sou_sou_soulb&t=0_0,跨境电商专员,跨境电商专员,138324886,五险 专业培训 员工旅游 年终奖金,,0_0,0.6-1.2万/月,,engine_jds,02-28,090220,成都-高新区,10
,,"成都-高新区,2年经验,本科,招若干人",3357636,https://jobs.51job.com/all/co3357636.html,成都云雅信息技术有限公司,互联网/电子商务,少于50人,民营公司,6,1,,,,,,2022-02-27 04:01:15,https://jobs.51job.com/chengdu-gxq/134728331.html?s=sou_sou_soulb&t=0_0,内容运营（亚马逊跨境电商SaaS软件）,内容运营（亚马逊跨境电商SaaS软件）,134728331,弹性工作 专业培训 年终奖金 绩效奖金 交通补贴 餐饮补贴 五险一金,,0_0,0.6-1.2万/月,,engine_jds,02-27,090220,成都-高新区,4
,,"成都,无需经验,大专,招10人",4781912,https://jobs.51job.com/all/co4781912.html,海程邦达-西南区,交通/运输/物流,1000-5000人,民营公司,5,1,,,,,,2022-02-24 17:33:54,https://jobs.51job.com/chengdu/136423717.html?s=sou_sou_soulb&t=0_0,跨境电商客服专员,跨境电商客服专员,136423717,五险一金 交通补贴 餐饮补贴 通讯补贴 专业培训 绩效奖金 年终奖金 定期体检 员工旅游,,0_0,4-6千/月,,engine_jds,02-24,090200,成都,10
,,"成都-青羊区,1年经验,大专,招5人",4851506,https://jobs.51job.com/all/co4851506.html,成都利骏贸易有限公司,贸易/进出口,少于50人,民营公司,5,1,,,,,,2022-02-23 14:56:32,https://jobs.51job.com/chengdu-qyq/128572841.html?s=sou_sou_soulb&t=0_0,成都跨境电商运营/销售专员,成都跨境电商运营/销售专员,128572841,周末双休 五险一金 带薪年假 全勤奖 绩效奖金 节日福利 专业培训 餐饮补贴,,0_0,4.5-6千/月,,engine_jds,02-23,090201,成都-青羊区,3
,,"成都-高新区,1年经验,大专,招20人",6583782,https://jobs.51job.com/all/coUjIGZ180DjMDYQZtXTo.html,成都旭蓝网络科技有限公司,互联网/电子商务,50-150人,创业公司,5,1,,,,,,2022-02-22 18:30:58,https://jobs.51job.com/chengdu-gxq/133793294.html?s=sou_sou_soulb&t=0_0,跨境电商运营,跨境电商运营,133793294,绩效奖金 年终奖金 员工旅游 五险一金 交通补贴 餐饮补贴,,0_0,0.6-1.2万/月,,engine_jds,02-22,090220,成都-高新区,3
,,"成都-蒲江县,2年经验,大专,招4人",6582789,https://jobs.51job.com/all/coAmJVNAdsU28EZlA7VTk.html,热美德高科技（成都）集团有限公司,仪器仪表/工业自动化,少于50人,外资（欧美）,5,1,,,,,,2022-02-22 10:00:01,https://jobs.51job.com/chengdu-pjx/134795038.html?s=sou_sou_soulb&t=0_0,跨境电商运营,跨境电商运营,134795038,五险一金 包吃住,,0_0,6-8千/月,,engine_jds,02-22,090218,成都-蒲江县,4
,,"成都-高新区,无需经验,招3人",6446213,https://jobs.51job.com/all/coAmJRMV84UmoCZQZkAGY.html,大连优益达网络信息科技服务有限公司,互联网/电子商务,少于50人,民营公司,,1,,,,,,2022-02-18 10:42:57,https://jobs.51job.com/chengdu-gxq/132104302.html?s=sou_sou_soulb&t=0_0,跨境电商日语客服,跨境电商日语客服,132104302,,,0_0,6-8千/月,,engine_jds,02-18,090220,成都-高新区,10
,,"成都-锦江区,1年经验,大专,招2人",6326411,https://jobs.51job.com/all/co6326411.html,成都时代星耀科技有限公司,计算机软件,少于50人,民营公司,5,1,,,,,,2022-02-18 09:02:07,https://jobs.51job.com/chengdu-jjq/128936690.html?s=sou_sou_soulb&t=0_0,跨境电商运营（日本平台）,跨境电商运营（日本平台）,128936690,,,0_0,4-6千/月,,engine_jds,02-18,090202,成都-锦江区,3
,,"成都-高新区,1年经验,大专,招1人",2071376,https://jobs.51job.com/all/co2071376.html,四川德恩进出口有限公司,机械/设备/重工,500-1000人,民营公司,5,1,,,,,,2022-02-15 04:01:14,https://jobs.51job.com/chengdu-gxq/131463530.html?s=sou_sou_soulb&t=0_0,跨境电商运营,跨境电商运营,131463530,周末双休 带薪年假 绩效奖金 节日福利 五险一金 年终奖金 定期体检,,0_0,0.5-1万/月,,engine_jds,02-15,090220,成都-高新区,3
,,"成都-成华区,1年经验,本科,招1人",6515636,https://jobs.51job.com/all/coVTVVNFIwAjlWNVAwVDc.html,成都格罗西贸易有限公司,互联网/电子商务,150-500人,民营公司,6,1,,,,,,2022-02-14 08:49:53,https://jobs.51job.com/chengdu-chq/136936051.html?s=sou_sou_soulb&t=0_0,跨境电商运营,跨境电商运营,136936051,做五休二 周末双休 带薪年假 五险一金 每年多次调薪 各种美味零食 节日福利,,0_0,0.5-1万/月,,engine_jds,02-14,090205,成都-成华区,3
,,"成都-青羊区,无需经验,大专,招3人",6307531,https://jobs.51job.com/all/co6307531.html,成都市康特恩科技有限公司,贸易/进出口,500-1000人,民营公司,5,1,,,,,,2022-02-11 17:00:01,https://jobs.51job.com/chengdu-qyq/128921957.html?s=sou_sou_soulb&t=0_0,意大利语跨境电商运营+五险一金,意大利语跨境电商运营+五险一金,128921957,,,0_0,5-8千/月,,engine_jds,02-11,090201,成都-青羊区,10
,,"成都-高新区,2年经验,大专,招1人",6502747,https://jobs.51job.com/all/coAmJdPAVmBTlWNANkUTM.html,百洋思航国际贸易（海南）有限公司,互联网/电子商务,50-150人,民营公司,5,1,,,,,,2022-02-11 15:22:26,https://jobs.51job.com/chengdu-gxq/136013480.html?s=sou_sou_soulb&t=0_0,跨境电商运营主管,跨境电商运营主管,136013480,社保 员工旅游 专业培训 年终奖金 全民营销奖 带薪年假 节日福利 员工聚餐,,0_0,0.8-1万/月,,engine_jds,02-11,090220,成都-高新区,4
,,"成都-高新区,3-4年经验,本科,招1人",3569923,https://jobs.51job.com/all/co3569923.html,RENOGY如果新能源,新能源,500-1000人,民营公司,6,1,,,,,,2022-02-03 19:52:57,https://jobs.51job.com/chengdu-gxq/137336442.html?s=sou_sou_soulb&t=0_0,产品经理（跨境电商）,产品经理（跨境电商）,137336442,五险一金 交通补贴 餐饮补贴 专业培训 出国机会 绩效奖金 年终奖金 弹性工作 员工旅游 通讯补贴,,0_0,1.5-2.5万/月,,engine_jds,02-03,090220,成都-高新区,5
,,"成都,无需经验,大专,招30人",5882526,https://jobs.51job.com/all/co5882526.html,成都优益达科技有限公司,互联网/电子商务,150-500人,民营公司,5,1,,,,1,,2022-01-25 13:00:01,https://jobs.51job.com/chengdu/137643418.html?s=sou_sou_soulb&t=0_0,跨境电商英文客服,跨境电商英文客服,137643418,五险一金 餐饮补贴 住房补贴 专业培训 弹性工作,,0_0,4.5-6千/月,communicate,engine_jds,01-25,090200,成都,10
,,"成都-高新区,3-4年经验,大专,招1人",2612028,https://jobs.51job.com/all/co2612028.html,海程邦达国际物流有限公司,交通/运输/物流,1000-5000人,合资,5,1,,,,,,2022-01-20 10:05:59,https://jobs.51job.com/chengdu-gxq/136595217.html?s=sou_sou_soulb&t=0_0,跨境电商物流 客服运营经理-成都,跨境电商物流 客服运营经理-成都,136595217,周末双休 带薪年假 五险一金 节日福利 加班补贴 餐饮补贴 专业培训 年终奖金,,0_0,1.5-2万/月,,engine_jds,01-20,090220,成都-高新区,5
,,"成都-武侯区,2年经验,大专,招1人",5889884,https://jobs.51job.com/all/co5889884.html,成都南迪鞋业有限公司,互联网/电子商务,50-150人,民营公司,5,1,,,,,,2022-01-18 09:25:25,https://jobs.51job.com/chengdu-whq/135462571.html?s=sou_sou_soulb&t=0_0,跨境电商运营,跨境电商运营,135462571,交通补贴 节日福利 全勤奖 加班补贴 弹性工作,,0_0,6-8千/月,,engine_jds,01-18,090204,成都-武侯区,4
,,"成都,2年经验,大专,招2人",6129449,https://jobs.51job.com/all/co6129449.html,成都市飞梭通信设备有限公司,通信/电信/网络设备,50-150人,民营公司,5,1,,,,,,2022-01-15 09:00:01,https://jobs.51job.com/chengdu/131967593.html?s=sou_sou_soulb&t=0_0,跨境电商专员,跨境电商专员,131967593,周末双休 节日福利 绩效奖金 通讯补贴 专业培训 五险一金,,0_0,4.5-8千/月,,engine_jds,01-15,090200,成都,4
,,"成都,1年经验,大专,招2人",2995299,https://jobs.51job.com/all/co2995299.html,四川中地国际贸易有限公司,贸易/进出口,少于50人,民营公司,5,1,,,,,,2022-01-07 16:07:36,https://jobs.51job.com/chengdu/135400478.html?s=sou_sou_soulb&t=0_0,跨境电商运营（亚马逊）,跨境电商运营（亚马逊）,135400478,带薪年假 五险一金 周末双休 节日福利 餐饮补贴 通讯补贴 绩效奖金,,0_0,0.8-1万/月,,engine_jds,01-07,090200,成都,3
,,"成都,2年经验,本科,招2人",310605,https://jobs.51job.com/all/co310605.html,明宇实业集团有限公司,多元化业务集团公司,1000-5000人,民营公司,6,1,,,,,,2022-03-06 09:02:27,https://jobs.51job.com/chengdu/137685844.html?s=sou_sou_soulb&t=0_0,电商运营经理/主管,电商运营经理/主管,137685844,五险一金 定期体检 专业培训 通讯补贴 绩效奖金 年终奖金,,0_0,0.8-1万/月,,engine_jds,03-06,090200,成都,4
,,"成都-武侯区,1年经验,本科,招1人",6082557,https://jobs.51job.com/all/co6082557.html,成都一电航空科技有限公司,电子技术/半导体/集成电路,150-500人,民营公司,6,1,,,,,,2022-03-06 04:01:59,https://jobs.51job.com/chengdu-whq/138601179.html?s=sou_sou_soulb&t=0_0,电商专员,电商专员,138601179,五险一金 周末双休,,0_0,6-8千/月,,engine_jds,03-06,090204,成都-武侯区,3
,,"成都-龙泉驿区,5-7年经验,本科,招2人",5506690,https://jobs.51job.com/all/co5506690.html,四川海晨美容仪器有限公司,医疗设备/器械,少于50人,民营公司,6,1,,,,,,2022-03-06 04:01:59,https://jobs.51job.com/chengdu-lqyq/138558689.html?s=sou_sou_soulb&t=0_0,外贸平台运营经理（法定朝九）,外贸平台运营经理（法定朝九）,138558689,带薪年假 交通补贴 绩效奖金 节日福利 餐饮补贴 五险一金 通讯补贴 出国机会 年终奖金 员工旅游,,0_0,10-15万/年,,engine_jds,03-06,090206,成都-龙泉驿区,6
,,"成都-高新区,5-7年经验,本科,招2人",4609711,https://jobs.51job.com/all/co4609711.html,成都尚慕林电子商务有限公司,贸易/进出口,少于50人,民营公司,6,1,,,,,,2022-03-06 04:01:59,https://jobs.51job.com/chengdu-gxq/120401963.html?s=sou_sou_soulb&t=0_0,亚马逊主管/ Amazon主管/外贸主管,亚马逊主管/ Amazon主管/外贸主管,120401963,五险一金 年终奖金 绩效奖金 股票期权,,0_0,1-2万/月,,engine_jds,03-06,090220,成都-高新区,6
,,"成都-高新区,1年经验,高中,招5人",3613958,https://jobs.51job.com/all/co3613958.html,成都宝妈乐购电子商务有限公司,互联网/电子商务,50-150人,民营公司,2,1,,,,,,2022-03-06 04:01:59,https://jobs.51job.com/chengdu-gxq/138519839.html?s=sou_sou_soulb&t=0_0,电话销售（无销售责任）,电话销售（无销售责任）,138519839,五险一金 弹性工作 年终奖金 带薪年假 单休,,0_0,0.6-1.2万/月,,engine_jds,03-06,090220,成都-高新区,3
,,"泸州,1年经验,本科,招若干人",6811230,https://jobs.51job.com/all/coBmZVOQVnDjEEYwJiBWA.html,四川鲲志运动装备制造有限责任公司,汽车,50-150人,民营公司,6,1,,,,,1,2022-03-06 14:08:45,https://jobs.51job.com/luzhou/136326521.html?s=sou_sou_soulb&t=0_1,俄语速卖通客服(包住),俄语速卖通客服(包住),136326521,绩效奖金 全勤奖 餐饮补贴 节日福利 专业培训 带薪年假 包住宿 五险 员工旅游,,0_1,8-10万/年,,engine_jds,03-06,090500,泸州,3
,,"成都-高新区,1年经验,本科,招1人",6352260,https://jobs.51job.com/all/co6352260.html,深圳爱特天翔科技有限公司,电子技术/半导体/集成电路,50-150人,民营公司,6,1,,,,,,2022-03-06 12:00:01,https://jobs.51job.com/chengdu-gxq/137542959.html?s=sou_sou_soulb&t=0_0,亚马逊运营专员（法语）,亚马逊运营专员（法语）,137542959,五险一金 年终奖金 奖金提成 节日津贴,,0_0,4-8千/月,,engine_jds,03-06,090220,成都-高新区,3
,,"成都-武侯区,2年经验,本科,招1人",2372318,https://jobs.51job.com/all/co2372318.html,成都正欣德信息技术有限公司,计算机软件,50-150人,民营公司,6,1,,,,,,2022-03-06 04:01:59,https://jobs.51job.com/chengdu-whq/136847648.html?s=sou_sou_soulb&t=0_0,海外社交平台运营,海外社交平台运营,136847648,做五休二 周末双休 带薪年假 补充医疗保险 员工旅游 定期体检 年终奖金 绩效奖金 弹性工作,,0_0,6-8千/月,,engine_jds,03-06,090204,成都-武侯区,4
,,"成都-高新区,1年经验,大专,招2人",6244212,https://jobs.51job.com/all/co6244212.html,成都欧斯利科技有限公司,互联网/电子商务,50-150人,民营公司,5,1,,,,,,2022-03-05 14:00:01,https://jobs.51job.com/chengdu-gxq/129786101.html?s=sou_sou_soulb&t=0_0,shopify独立站运营,shopify独立站运营,129786101,周末双休 弹性工作 带薪年假 节日福利 五险,,0_0,0.6-1万/月,,engine_jds,03-05,090220,成都-高新区,3
,,"成都-武侯区,2年经验,本科,招若干人",6958982,https://jobs.51job.com/all/coBWVcMVYwVmADbwRvVjE.html,四川省焱森炉业有限公司,机械/设备/重工,少于50人,民营公司,6,1,,,,,,2022-03-05 04:02:11,https://jobs.51job.com/chengdu-whq/138342911.html?s=sou_sou_soulb&t=0_0,阿里巴巴国际站运营,阿里巴巴国际站运营,138342911,,,0_0,6-8千/月,,engine_jds,03-05,090204,成都-武侯区,4
,,"成都-武侯区,1年经验,本科,招若干人",3371022,https://jobs.51job.com/all/co3371022.html,麦粒创造科技（深圳）有限公司,互联网/电子商务,150-500人,民营公司,6,1,,,,,,2022-03-04 19:00:01,https://jobs.51job.com/chengdu-whq/138442551.html?s=sou_sou_soulb&t=0_0,账号管理（亚马逊）,账号管理（亚马逊）,138442551,做五休二 周末双休 带薪年假 五险一金 全勤奖 节日福利 绩效奖金 年底双薪 年终奖金 员工体检,,0_0,5-8千/月,,engine_jds,03-04,090204,成都-武侯区,3
,,"成都-高新区,1年经验,大专,招若干人",5085517,https://jobs.51job.com/all/co5085517.html,成都初五科技有限公司,贸易/进出口,50-150人,民营公司,5,1,,,,,,2022-03-04 16:27:40,https://jobs.51job.com/chengdu-gxq/130096060.html?s=sou_sou_soulb&t=0_0,亚马逊/eBay/沃尔玛运营,亚马逊/eBay/沃尔玛运营,130096060,餐饮补贴 带薪年假 全勤奖 员工旅游 节日福利 高温补贴 做五休二 五险一金 绩效奖金 年度调薪,,0_0,4.5-6千/月,,engine_jds,03-04,090220,成都-高新区,3
,,"成都,2年经验,大专,招2人",6417682,https://jobs.51job.com/all/co6417682.html,成都佳优尚品电子商务有限公司,互联网/电子商务,少于50人,民营公司,5,1,,,,,,2022-03-04 16:27:38,https://jobs.51job.com/chengdu/131520519.html?s=sou_sou_soulb&t=0_0,电商美工,电商美工,131520519,,,0_0,4-6千/月,,engine_jds,03-04,090200,成都,4
,,"成都-金牛区,无需经验,大专,招5人",5385685,https://jobs.51job.com/all/co5385685.html,成都瑞卡捷科技有限公司,计算机软件,少于50人,民营公司,5,1,,,,,,2022-03-04 14:49:30,https://jobs.51job.com/chengdu-jnq/128011520.html?s=sou_sou_soulb&t=0_0,eBay销售,eBay销售,128011520,年终奖金 绩效奖金 五险一金 弹性工作,,0_0,1-1.5万/月,,engine_jds,03-04,090203,成都-金牛区,10
,,"成都-金牛区,1年经验,大专,招2人",4107227,https://jobs.51job.com/all/co4107227.html,成都清雅纸业有限公司,印刷/包装/造纸,少于50人,民营公司,5,1,,,,,,2022-03-04 14:45:38,https://jobs.51job.com/chengdu-jnq/134781543.html?s=sou_sou_soulb&t=0_0,阿里国际站运营专员,阿里国际站运营专员,134781543,做五休二 餐饮补贴 五险一金,,0_0,4.5-6千/月,,engine_jds,03-04,090203,成都-金牛区,3
,,"成都-高新区,1年经验,大专,招1人",3039012,https://jobs.51job.com/all/co3039012.html,四川善诺生物医药有限公司,制药/生物工程,50-150人,民营公司,5,1,,,,,,2022-03-04 10:59:49,https://jobs.51job.com/chengdu-gxq/137189023.html?s=sou_sou_soulb&t=0_0,天猫国际运营,天猫国际运营,137189023,员工旅游 专业培训 年终奖金 定期体检 社会保险,,0_0,0.8-1万/月,,engine_jds,03-04,090220,成都-高新区,3
,,"成都-郫都区,1年经验,大专,招1人",3261528,https://jobs.51job.com/all/co3261528.html,成都亿佰特电子科技有限公司,通信/电信/网络设备,150-500人,民营公司,5,1,,,,,,2022-03-04 09:13:11,https://jobs.51job.com/chengdu-pdq/133367138.html?s=sou_sou_soulb&t=0_0,阿里巴巴国际站运营,阿里巴巴国际站运营,133367138,周末双休 带薪年假 五险一金 节日福利 定期体检 出国旅游,,0_0,5-8千/月,,engine_jds,03-04,090216,成都-郫都区,3
,,"成都-高新区,无需经验,大专,招1人",3003954,https://jobs.51job.com/all/co3003954.html,深圳市纽尔科技有限公司,互联网/电子商务,150-500人,民营公司,5,1,,,,,,2022-03-04 09:08:39,https://jobs.51job.com/chengdu-gxq/135904162.html?s=sou_sou_soulb&t=0_0,电商专员,电商专员,135904162,五险一金 绩效奖金 年终奖金 做五休二,,0_0,3-4千/月,,engine_jds,03-04,090220,成都-高新区,10
,,"成都-高新区,1年经验,大专,招若干人",6752945,https://jobs.51job.com/all/coUzMHZAVjUW0CbgZhAGA.html,四川聚力裕丰网络科技有限公司,计算机软件,,创业公司,5,1,,,,,,2022-03-04 09:04:00,https://jobs.51job.com/chengdu-gxq/135230135.html?s=sou_sou_soulb&t=0_0,亚马逊运营专员,亚马逊运营专员,135230135,五险一金 出国机会 专业培训 员工旅游 绩效奖金 年终奖金,,0_0,7-9千/月,,engine_jds,03-04,090220,成都-高新区,3
,,"成都-高新区,3-4年经验,大专,招1人",5358985,https://jobs.51job.com/all/co5358985.html,成都觅瑞科技有限公司,计算机软件,50-150人,民营公司,5,1,,,,,,2022-03-04 08:34:27,https://jobs.51job.com/chengdu-gxq/137487661.html?s=sou_sou_soulb&t=0_0,速卖通运营,速卖通运营,137487661,五险一金 弹性工作 年终奖金 餐饮补贴 试用期全额 周末双休 带薪年假,,0_0,0.8-1.3万/月,,engine_jds,03-04,090220,成都-高新区,5
,,"成都-成华区,2年经验,大专,招若干人",6481406,https://jobs.51job.com/all/coUTEAYF41Um0EZVMwXD8.html,成都卡迪魅进出口贸易有限公司,贸易/进出口,少于50人,民营公司,5,1,,,,,,2022-03-03 10:00:56,https://jobs.51job.com/chengdu-chq/130955090.html?s=sou_sou_soulb&t=0_0,急聘Facebook投放师底薪8-13K,急聘Facebook投放师底薪8-13K,130955090,带薪年假 绩效奖金 节日福利 专业培训,,0_0,0.8-1.3万/月,,engine_jds,03-03,090205,成都-成华区,4
,,"成都-金牛区,无需经验,本科,招15人",4215626,https://jobs.51job.com/all/co4215626.html,四川链家房地产经纪有限公司,房地产,10000人以上,民营公司,6,1,,,,,,2022-03-02 23:26:41,https://jobs.51job.com/chengdu-jnq/134618585.html?s=sou_sou_soulb&t=0_0,平台销售运营/专业培训/高学历团队xq,平台销售运营/专业培训/高学历团队xq,134618585,五险一金 节日福利 带薪年假 弹性工作 专业培训 绩效奖金 就近分配 交通补贴,,0_0,0.8-1万/月,,engine_jds,03-02,090203,成都-金牛区,10
,,"成都-高新区,5-7年经验,本科,招2人",3992161,https://jobs.51job.com/all/co3992161.html,成都信通信息技术有限公司,计算机软件,50-150人,国企,6,1,,,,,,2022-03-02 14:18:37,https://jobs.51job.com/chengdu-gxq/137928988.html?s=sou_sou_soulb&t=0_0,高级运营经理,高级运营经理,137928988,五险一金 补充医疗保险 补充公积金 通讯补贴 专业培训 绩效奖金 定期体检,,0_0,10-15万/年,,engine_jds,03-02,090220,成都-高新区,6
,,"成都-武侯区,2年经验,本科,招1人",6709889,https://jobs.51job.com/all/coUjIGZVc0ADdRPFE6Vjo.html,成都缘妮梦鞋业有限责任公司,贸易/进出口,150-500人,民营公司,6,1,,,,,,2022-02-28 15:00:01,https://jobs.51job.com/chengdu-whq/138345966.html?s=sou_sou_soulb&t=0_0,Tiktok直播运营主管,Tiktok直播运营主管,138345966,,,0_0,1-1.5万/月,,engine_jds,02-28,090204,成都-武侯区,4
,,"深圳,2年经验,本科,招1人",3558858,https://jobs.51job.com/all/co3558858.html,成都极米科技股份有限公司,计算机硬件,1000-5000人,民营公司,6,1,,,,,1,2022-02-28 08:26:00,https://jobs.51job.com/shenzhen-nsq/137505671.html?s=sou_sou_soulb&t=0_1,电商运营专员（支付方向） (MJ001327),电商运营专员（支付方向） (MJ001327),137505671,五险一金 补充医疗保险 员工旅游 餐饮补贴 专业培训 年终奖金 弹性工作 定期体检,,0_1,1.5-2万/月,,engine_jds,02-28,040300,深圳,4
,,"成都-武侯区,无需经验,大专,招若干人",3846654,https://jobs.51job.com/all/co3846654.html,京东商城,互联网/电子商务,10000人以上,外资（欧美）,5,1,,,,,,2022-02-25 16:36:55,https://jobs.51job.com/chengdu-whq/131247795.html?s=sou_sou_soulb&t=0_0,京东正编英语客服（六险一金）,京东正编英语客服（六险一金）,131247795,餐饮补贴 节日福利 免费班车 五险一金 绩效奖金 加班补贴 住房补贴 带薪年假 全勤奖,,0_0,4.5-6千/月,,engine_jds,02-25,090204,成都-武侯区,10
,,"成都-青羊区,3-4年经验,招5人",5235138,https://jobs.51job.com/all/co5235138.html,四川省大秦国凤酒业有限公司,快速消费品(食品、饮料、化妆品),50-150人,民营公司,,1,,,,,,2022-02-23 09:07:04,https://jobs.51job.com/chengdu-qyq/120178921.html?s=sou_sou_soulb&t=0_0,电商运营经理,电商运营经理,120178921,弹性工作 带薪年假 绩效奖金 全勤奖 节日福利 专业培训 加班补贴,,0_0,1-1.5万/月,,engine_jds,02-23,090201,成都-青羊区,5
,,"成都-高新区,3-4年经验,本科,招1人",3685535,https://jobs.51job.com/all/co3685535.html,重庆渝欧跨境电子商务股份有限公司,批发/零售,150-500人,合资,6,1,,,,,,2022-02-19 04:02:18,https://jobs.51job.com/chengdu-gxq/138027078.html?s=sou_sou_soulb&t=0_0,电商产品经理（成都）,电商产品经理（成都）,138027078,周末双休 节日福利 五险一金 带薪年假,,0_0,1-1.7万/月,,engine_jds,02-19,090220,成都-高新区,5
,,"成都-武侯区,1年经验,大专,招1人",5365470,https://jobs.51job.com/all/co5365470.html,绽妍生物科技有限公司,快速消费品(食品、饮料、化妆品),500-1000人,民营公司,5,1,,,,,,2022-02-16 11:15:07,https://jobs.51job.com/chengdu-whq/135264997.html?s=sou_sou_soulb&t=0_0,海外电商运营,海外电商运营,135264997,五险一金 全勤奖 节日福利 周末双休 绩效奖金 节假日休息,,0_0,6-9千/月,,engine_jds,02-16,090204,成都-武侯区,3
,,"成都,3-4年经验,大专,招1人",1018043,https://jobs.51job.com/all/co1018043.html,四川安德鲁森食品有限公司,快速消费品(食品、饮料、化妆品),1000-5000人,外资（非欧美）,5,1,,,,,,2022-02-16 09:47:58,https://jobs.51job.com/chengdu/128313239.html?s=sou_sou_soulb&t=0_0,线上商城运营经理,线上商城运营经理,128313239,节日福利 弹性工作 带薪年假 五险一金 绩效奖金 全勤奖 专业培训 加班补贴,,0_0,1-1.5万/月,,engine_jds,02-16,090200,成都,5
,,"成都-高新区,3-4年经验,本科,招1人",6666906,https://jobs.51job.com/all/coVDRUNlA1ATkFaQdkAWI.html,成都泛兮科技有限责任公司,互联网/电子商务,少于50人,民营公司,6,1,,,,,,2022-02-14 14:11:34,https://jobs.51job.com/chengdu-gxq/136123658.html?s=sou_sou_soulb&t=0_0,产品经理,产品经理,136123658,试用期不打折 五险一金 餐饮补贴 年终奖金 节日福利 弹性工作,,0_0,1.3-2万/月,,engine_jds,02-14,090220,成都-高新区,5
,,"重庆,2年经验,大专,招5人",6491383,https://jobs.51job.com/all/coVTVQMF40BzhWMAFqAWc.html,重庆博士泰康生物科技发展有限公司,医疗设备/器械,150-500人,民营公司,5,1,,,,,1,2022-02-14 09:47:55,https://jobs.51job.com/chongqing-naq/134949107.html?s=sou_sou_soulb&t=0_1,阿里巴巴外贸运营专员,阿里巴巴外贸运营专员,134949107,五险一金 交通补贴 餐饮补贴 通讯补贴 专业培训 绩效奖金 年终奖金 定期体检,,0_1,0.5-1万/月,,engine_jds,02-14,061500,重庆,4
,,"成都-锦江区,2年经验,大专,招1人",4057599,https://jobs.51job.com/all/co4057599.html,成都魔力百聚科技有限公司,互联网/电子商务,50-150人,创业公司,5,1,,,,,,2022-02-11 15:00:01,https://jobs.51job.com/chengdu-jjq/135504967.html?s=sou_sou_soulb&t=0_0,日本乐天运营,日本乐天运营,135504967,,,0_0,5-8千/月,,engine_jds,02-11,090202,成都-锦江区,4
,,"重庆,3-4年经验,本科,招2人",6817130,https://jobs.51job.com/all/coAmJQPFY0DzYHY1AwUjc.html,重庆伍加柒贸易有限公司,贸易/进出口,,民营公司,6,1,,,,,1,2022-02-02 10:00:01,https://jobs.51job.com/chongqing-yzq/136203414.html?s=sou_sou_soulb&t=0_1,亚马逊运营主管,亚马逊运营主管,136203414,五险一金 补充医疗保险 员工旅游 绩效奖金 年终奖金,,0_1,1-1.5万/月,,engine_jds,02-02,060100,重庆,5
,,"成都-金牛区,2年经验,本科,招2人",3750569,https://jobs.51job.com/all/co3750569.html,成都洛源科技有限公司,贸易/进出口,少于50人,民营公司,6,1,,,,,,2022-01-28 21:00:01,https://jobs.51job.com/chengdu-jnq/137678695.html?s=sou_sou_soulb&t=0_0,阿里巴巴国际站运营,阿里巴巴国际站运营,137678695,专业培训 绩效奖金 员工旅游 国家节假日 周末双休,,0_0,0.8-1万/月,,engine_jds,01-28,090203,成都-金牛区,4
,,"成都,1年经验,本科,招2人",4856640,https://jobs.51job.com/all/co4856640.html,成都聚婴堂商务咨询有限公司,影视/媒体/艺术/文化传播,少于50人,民营公司,6,1,,,,,,2022-01-18 09:00:01,https://jobs.51job.com/chengdu/137529360.html?s=sou_sou_soulb&t=0_0,渠道主管/专员,渠道主管/专员,137529360,员工旅游 绩效奖金 年终奖金 定期体检 五险一金 出国机会 专业培训 股票期权,,0_0,0.7-1.2万/月,,engine_jds,01-18,090200,成都,3
,,"成都-郫都区,3-4年经验,本科,招1人",4951759,https://jobs.51job.com/all/co4951759.html,四川艾想科技有限公司,贸易/进出口,少于50人,民营公司,6,1,,,,,,2022-01-14 04:01:43,https://jobs.51job.com/chengdu-pdq/137055396.html?s=sou_sou_soulb&t=0_0,阿里巴巴国际站运营,阿里巴巴国际站运营,137055396,五险一金 员工旅游 专业培训 年终奖金 绩效奖金 电脑补助,,0_0,0.6-1万/月,,engine_jds,01-14,090216,成都-郫都区,5
,,"成都,无需经验,本科,招2人",6694506,https://jobs.51job.com/all/coAGBUNl81VG4DY1Y1UDM.html,上海灏昂智能科技有限公司,家居/室内设计/装潢,少于50人,民营公司,6,1,,,,,,2022-01-12 17:36:56,https://jobs.51job.com/chengdu/136749702.html?s=sou_sou_soulb&t=0_0,电商服务专员,电商服务专员,136749702,五险一金 专业培训 弹性工作,,0_0,1.5-2万/月,,engine_jds,01-12,090200,成都,10
,,"成都-金牛区,3-4年经验,大专,招3人",4172739,https://jobs.51job.com/all/co4172739.html,成都华氏宝贝贸易有限公司,贸易/进出口,50-150人,民营公司,5,1,,,,,,2022-01-11 10:57:05,https://jobs.51job.com/chengdu-jnq/128652198.html?s=sou_sou_soulb&t=0_0,电商运营,电商运营,128652198,员工旅游 年终奖金 餐饮补贴 节日福利 社保 专业培训 定期体检,,0_0,0.6-1.2万/月,,engine_jds,01-11,090203,成都-金牛区,5
,,"成都-高新区,1年经验,大专,招4人",4779648,https://jobs.51job.com/all/co4779648.html,成都莫雷罗网络技术有限责任公司,互联网/电子商务,少于50人,民营公司,5,1,,,,,,2022-01-11 04:01:32,https://jobs.51job.com/chengdu-gxq/122662646.html?s=sou_sou_soulb&t=0_0,电商网店客服（无销售任务）,电商网店客服（无销售任务）,122662646,社保 绩效奖金 加班车补 年终奖金 带薪年假 节日福利 生日福利 专业培训 全勤奖 客服奖金,,0_0,4-5千/月,,engine_jds,01-11,090220,成都-高新区,3
,,"成都-高新区,5-7年经验,本科,招1人",4781898,https://jobs.51job.com/all/co4781898.html,海程邦达-华东区,交通/运输/物流,1000-5000人,上市公司,6,1,,,,,,2022-03-06 04:01:59,https://jobs.51job.com/chengdu-gxq/138586773.html?s=sou_sou_soulb&t=0_0,跨境电商HRBP（成都）,跨境电商HRBP（成都）,138586773,,,0_0,1.8-2.5万/月,,engine_jds,03-06,090220,成都-高新区,6
,,"成都-双流区,1年经验,大专,招8人",3547158,https://jobs.51job.com/all/co3547158.html,中外运跨境电商物流有限公司,交通/运输/物流,1000-5000人,上市公司,5,1,,,,,,2022-03-06 10:08:40,https://jobs.51job.com/chengdu-slq/132342536.html?s=sou_sou_soulb&t=0_0,现场操作（国际）/叉车,现场操作（国际）/叉车,132342536,带薪年假 节日福利 高温补贴 周末双休 餐饮补贴 七险二金 补充医疗保险 定期体检 取暖费,,0_0,5-7千/月,,engine_jds,03-06,090215,成都-双流区,3
,,"上海,3-4年经验,高中,招若干人",2825216,https://jobs.51job.com/all/co2825216.html,乐他适（上海）贸易有限公司,快速消费品(食品、饮料、化妆品),少于50人,创业公司,2,1,,,,,1,2022-03-06 04:01:59,https://jobs.51job.com/shanghai-bsq/138593249.html?s=sou_sou_soulb&t=0_1,招商专员,招商专员,138593249,节日福利,,0_1,1.5-2万/月,,engine_jds,03-06,021200,上海,5
,,"成都-武侯区,2年经验,大专,招1人",6408745,https://jobs.51job.com/all/co6408745.html,北京金鼎正邦商贸有限公司,贸易/进出口,少于50人,民营公司,5,1,,,,1,,2022-03-06 04:00:00,https://jobs.51job.com/chengdu-whq/137465545.html?s=sou_sou_soulb&t=0_0,采购主管,采购主管,137465545,五险一金 餐饮补贴 年终奖金 周末双休 带薪年假 全勤奖,,0_0,0.6-1.2万/月,communicate,engine_jds,03-06,090204,成都-武侯区,4
,,"成都-高新区,2年经验,大专,招若干人",6815459,https://jobs.51job.com/all/coBGRTPwNhADtRMAVjXTE.html,成都迈锐捷激光技术有限公司,计算机软件,少于50人,民营公司,5,1,,,,,,2022-03-06 13:00:01,https://jobs.51job.com/chengdu-gxq/138494705.html?s=sou_sou_soulb&t=0_0,外贸业务/外贸销售,外贸业务/外贸销售,138494705,绩效奖金 交通补贴 周末双休 节日福利 餐补 地铁沿线 带薪年假 社保六险,,0_0,4.5-9千/月,,engine_jds,03-06,090220,成都-高新区,4
,,"成都-金牛区,1年经验,大专,招15人",4070495,https://jobs.51job.com/all/co4070495.html,四川省川美机械进出口有限责任公司,贸易/进出口,少于50人,国企,5,1,,,,,,2022-03-06 11:54:31,https://jobs.51job.com/chengdu-jnq/138512150.html?s=sou_sou_soulb&t=0_0,外贸业务员,外贸业务员,138512150,五险一金 补充医疗保险 补充公积金 员工旅游 餐饮补贴 绩效奖金 年终奖金,,0_0,4.5-6千/月,,engine_jds,03-06,090203,成都-金牛区,3
,,"聊城,1年经验,大专,招10人",6904360,https://jobs.51job.com/all/coCGhUOVMwBT8AZgxpAmc.html,临清市帝悦精密轴承有限公司,机械/设备/重工,50-150人,民营公司,5,1,,,,,1,2022-03-06 09:55:08,https://jobs.51job.com/liaocheng/138246375.html?s=sou_sou_soulb&t=0_1,外贸业务员,外贸业务员,138246375,交通补贴 绩效奖金 年终奖金 通讯补贴 专业培训 弹性工作,,0_1,6-8千/月,,engine_jds,03-06,121700,聊城,3
,,"成都,2年经验,大专,招若干人",1991749,https://jobs.51job.com/all/co1991749.html,阿里巴巴集团,互联网/电子商务,10000人以上,上市公司,5,1,,,,,,2022-03-06 07:02:32,https://jobs.51job.com/chengdu/138173412.html?s=sou_sou_soulb&t=0_0,菜鸟网络-关务主管-成都跨境,菜鸟网络-关务主管-成都跨境,138173412,,,0_0,,,engine_jds,03-06,090200,成都,4
,,"成都-青羊区,3-4年经验,大专,招3人",5573938,https://jobs.51job.com/all/co5573938.html,新路国际环境工程有限公司,环保,50-150人,民营公司,5,1,,,,,,2022-03-05 17:00:15,https://jobs.51job.com/chengdu-qyq/136675713.html?s=sou_sou_soulb&t=0_0,外贸主管,外贸主管,136675713,周末双休 弹性工作 带薪年假 五险一金 绩效奖金 节日福利 全勤奖 专业培训,,0_0,6-8千/月,,engine_jds,03-05,090201,成都-青羊区,5
,,"成都-成华区,1年经验,中技/中专,招2人",240824,https://jobs.51job.com/all/co240824.html,四川一汽贸易有限责任公司,汽车,150-500人,民营公司,4,1,,,,,,2022-03-05 10:48:49,https://jobs.51job.com/chengdu-chq/130081179.html?s=sou_sou_soulb&t=0_0,汽车销售助理,汽车销售助理,130081179,社保、午餐 五险一金 带薪年假 节日福利 专业培训 餐饮补贴 绩效奖金 弹性工作 包吃 高温补贴,,0_0,4.5-6千/月,,engine_jds,03-05,090205,成都-成华区,3
,,"成都-崇州市,无需经验,招若干人",6416797,https://jobs.51job.com/all/co6416797.html,成都云企聘企业管理有限公司,专业服务(咨询、人力资源、财会),,民营公司,,1,,,,,,2022-03-05 10:31:54,https://jobs.51job.com/chengdu-czs/130253245.html?s=sou_sou_soulb&t=0_0,急聘文员3-5名,急聘文员3-5名,130253245,五险一金 年终奖金 绩效奖金 全勤奖 包住宿 加班补贴 包吃 节日福利 带薪年假,,0_0,3.5-5千/月,,engine_jds,03-05,090213,成都-崇州市,10
,,"成都-武侯区,3-4年经验,大专,招2人",3119703,https://jobs.51job.com/all/co3119703.html,深圳市福克斯德信息咨询有限公司,互联网/电子商务,150-500人,民营公司,5,1,,,,,,2022-03-05 04:02:11,https://jobs.51job.com/chengdu-whq/131152136.html?s=sou_sou_soulb&t=0_0,Google优化师,Google优化师,131152136,带薪年假 专业培训 节日福利 全勤奖 绩效奖金 部门活动 周末双休,,0_0,0.6-1万/月,,engine_jds,03-05,090204,成都-武侯区,5
,,"成都-高新区,5-7年经验,本科,招1人",4413609,https://jobs.51job.com/all/co4413609.html,成都优自西方国际贸易有限公司,互联网/电子商务,50-150人,民营公司,6,1,,,,1,,2022-03-04 16:19:33,https://jobs.51job.com/chengdu-gxq/135976163.html?s=sou_sou_soulb&t=0_0,商务经理,商务经理,135976163,喝各种葡萄酒 餐饮补贴 节日福利 带薪年假 五险一金 年终奖金,,0_0,1.5-2万/月,communicate,engine_jds,03-04,090220,成都-高新区,6
,,"成都-双流区,1年经验,本科,招1人",2203405,https://jobs.51job.com/all/co2203405.html,成都易速物流有限公司,交通/运输/物流,50-150人,民营公司,6,1,,,,,,2022-03-04 13:51:43,https://jobs.51job.com/chengdu-slq/128365318.html?s=sou_sou_soulb&t=0_0,产品/品牌专员,产品/品牌专员,128365318,包住宿 餐饮补贴 专业培训 节日福利 大小休 社保6险 生日津贴 绩效奖金,,0_0,6-8千/月,,engine_jds,03-04,090215,成都-双流区,3
,,"成都-双流区,5-7年经验,本科,招1人",6583973,https://jobs.51job.com/all/coB2cFZAdsAz4DbwJmVDI.html,上海瑞链物流服务有限公司,交通/运输/物流,50-150人,外资（欧美）,6,1,,,,,,2022-03-04 11:10:54,https://jobs.51job.com/chengdu-slq/135954045.html?s=sou_sou_soulb&t=0_0,Sales Manager,Sales Manager,135954045,五险一金 做五休二 带薪年假 节日福利 专业培训,,0_0,1-2万/月,,engine_jds,03-04,090215,成都-双流区,6
,,"武汉,2年经验,大专,招若干人",6475104,https://jobs.51job.com/all/coBWVVNVM3AzgCZgRnUDE.html,广州欢聚时代信息科技有限公司,计算机软件,5000-10000人,民营公司,5,1,,,,,1,2022-03-04 10:26:48,https://jobs.51job.com/wuhan/134099678.html?s=sou_sou_soulb&t=0_1,跨境区域销售经理,跨境区域销售经理,134099678,,,0_1,1.5-2万/月,,engine_jds,03-04,180200,武汉,4
,,"成都-天府新区,3-4年经验,大专,招1人",6654807,https://jobs.51job.com/all/coBGQCYF44AzlVOAZlAGI.html,四川环球名品商业管理有限公司,房地产,150-500人,上市公司,5,1,,,,,,2022-03-04 09:43:28,https://jobs.51job.com/chengdu-tfxq/137791665.html?s=sou_sou_soulb&t=0_0,销售会计,销售会计,137791665,五险一金 免费班车 年终奖金 定期体检 下午茶,,0_0,6-8千/月,,engine_jds,03-04,090222,成都-天府新区,5
,,"成都-高新区,2年经验,本科,招1人",4722931,https://jobs.51job.com/all/co4722931.html,海南太美航空股份有限公司,航天/航空,50-150人,民营公司,6,1,,,,,,2022-03-04 09:22:17,https://jobs.51job.com/chengdu-gxq/138065283.html?s=sou_sou_soulb&t=0_0,主办会计,主办会计,138065283,五险一金 员工旅游 交通补贴 餐饮补贴 通讯补贴 绩效奖金 定期体检 周末双休,,0_0,5.5-7千/月,,engine_jds,03-04,090220,成都-高新区,4
,,"成都-高新区,1年经验,大专,招1人",6609312,https://jobs.51job.com/all/coUzNXNQRnDjkFYwdlUzQ.html,成都美美臣科技有限公司,计算机软件,,民营公司,5,1,,,,,,2022-03-03 11:41:03,https://jobs.51job.com/chengdu-gxq/133176624.html?s=sou_sou_soulb&t=0_0,客服支持（德语）,客服支持（德语）,133176624,弹性工作 带薪年假 五险一金 绩效奖金,,0_0,4.5-5.5千/月,,engine_jds,03-03,090220,成都-高新区,3
,,"成都-郫都区,2年经验,本科,招1人",2061735,https://jobs.51job.com/all/co2061735.html,四川金星清洁能源装备股份有限公司,机械/设备/重工,500-1000人,合资,6,1,,,,,,2022-03-03 11:05:33,https://jobs.51job.com/chengdu-pdq/123447801.html?s=sou_sou_soulb&t=0_0,外贸业务员,外贸业务员,123447801,周末双休 五险一金 免费班车 提供住宿,,0_0,0.5-1万/月,,engine_jds,03-03,090216,成都-郫都区,4
,,"重庆,3-4年经验,高中,招5人",2970927,https://jobs.51job.com/all/co2970927.html,广东薛航集团有限公司,多元化业务集团公司,500-1000人,民营公司,2,1,,,,,1,2022-03-02 09:12:57,https://jobs.51job.com/chongqing-jbq/129466312.html?s=sou_sou_soulb&t=0_1,国际航空货运销售（重庆）,国际航空货运销售（重庆）,129466312,节日福利 五险一金 餐饮补贴 年终奖金 绩效奖金 专业培训 弹性工作 出国机会 员工旅游,,0_1,0.4-1.2万/月,,engine_jds,03-02,060300,重庆,5
,,"成都-温江区,1年经验,大专,招1人",6565896,https://jobs.51job.com/all/coBWVdPFUwAzhVOANpBmU.html,成都登峰宇包材科技有限公司,印刷/包装/造纸,50-150人,民营公司,5,1,,,,,,2022-03-01 14:23:40,https://jobs.51job.com/chengdu-wjq/135140151.html?s=sou_sou_soulb&t=0_0,外贸运营专员,外贸运营专员,135140151,五险一金 交通补贴 餐饮补贴 弹性工作 定期体检,,0_0,5-6千/月,,engine_jds,03-01,090209,成都-温江区,3
,,"成都-武侯区,2年经验,大专,招2人",5753671,https://jobs.51job.com/all/co5753671.html,佳士健康产业集团有限公司,医疗/护理/卫生,500-1000人,民营公司,5,1,,,,,,2022-02-28 09:01:12,https://jobs.51job.com/chengdu-whq/136290667.html?s=sou_sou_soulb&t=0_0,外贸业务员（出口）,外贸业务员（出口）,136290667,周末双休 带薪年假 五险一金 绩效奖金 节日福利 专业培训 交通补贴 餐饮补贴 年终奖金,,0_0,0.5-1万/月,,engine_jds,02-28,090204,成都-武侯区,4
,,"成都-成华区,5-7年经验,大专,招1人",3720324,https://jobs.51job.com/all/co3720324.html,成都澳康川优国际贸易有限公司,贸易/进出口,少于50人,民营公司,5,1,,,,,,2022-02-13 14:00:01,https://jobs.51job.com/chengdu-chq/137837511.html?s=sou_sou_soulb&t=0_0,连锁店铺招商经理,连锁店铺招商经理,137837511,社保 单双休 提成 奖金 门店分红,,0_0,5-8千/月,,engine_jds,02-13,090205,成都-成华区,6
,,"成都-金牛区,2年经验,大专,招8人",6878880,https://jobs.51job.com/all/coUzMAbFA0UWcOYwdsAGU.html,鲑鱼科技（成都）有限公司,贸易/进出口,少于50人,民营公司,5,1,,,,,,2022-02-11 10:56:56,https://jobs.51job.com/chengdu-jnq/137327416.html?s=sou_sou_soulb&t=0_0,外贸业务员,外贸业务员,137327416,定期体检 交通补贴 五险 生日礼金 节日福利,,0_0,6-8千/月,,engine_jds,02-11,090203,成都-金牛区,4
,,"成都,5-7年经验,本科,招1人",6704509,https://jobs.51job.com/all/coVjZUNwRnAzkGZlQ3AW0.html,四川人瑞网络科技有限公司,计算机软件,,民营公司,6,1,,,,,,2022-02-09 11:21:35,https://jobs.51job.com/chengdu/134435719.html?s=sou_sou_soulb&t=0_0,客服团队经理（英语流利）,客服团队经理（英语流利）,134435719,,,0_0,1.5-2.5万/月,,engine_jds,02-09,090200,成都,6
,,"成都-青羊区,1年经验,本科,招4人",4524404,https://jobs.51job.com/all/co4524404.html,四川省利拓汽配有限公司,汽车,50-150人,国企,6,1,,,,,,2022-01-29 14:00:01,https://jobs.51job.com/chengdu-qyq/116129249.html?s=sou_sou_soulb&t=0_0,外贸业务员,外贸业务员,116129249,周末双休 带薪年假 五险一金 绩效奖金 全勤奖 节日福利 专业培训 餐饮补贴 每年定期体检,,0_0,6-8千/月,,engine_jds,01-29,090201,成都-青羊区,3
,,"成都-高新区,3-4年经验,大专,招5人",6501865,https://jobs.51job.com/all/coB2dRMFIxVWoOYwZjB2c.html,成都麦华崃科技有限公司,计算机软件,少于50人,民营公司,5,1,,,,,,2022-01-25 17:41:21,https://jobs.51job.com/chengdu-gxq/131312970.html?s=sou_sou_soulb&t=0_0,Web前端开发工程师,Web前端开发工程师,131312970,五险一金 员工旅游 专业培训 交通补贴 餐饮补贴 弹性工作 绩效奖金 定期体检 通讯补贴,,0_0,1.5-2万/月,,engine_jds,01-25,090220,成都-高新区,5
,,"眉山,3-4年经验,大专,招1人",6671584,https://jobs.51job.com/all/coA2NQMlM3Aj0AYAJpVTQ.html,四川澳瑞思科技有限公司,计算机服务(系统、数据服务、维修),少于50人,民营公司,5,1,,,,,1,2022-01-18 10:31:37,https://jobs.51job.com/meishan/136981419.html?s=sou_sou_soulb&t=0_1,销售部长,销售部长,136981419,五险一金 员工旅游 餐饮补贴 年终奖金 周末双休 节日福利,,0_1,1.5-2万/月,,engine_jds,01-18,091200,眉山,5
,,"成都-武侯区,2年经验,大专,招5人",6325232,https://jobs.51job.com/all/co6325232.html,成都微涩电子商务有限公司,批发/零售,50-150人,民营公司,5,1,,,,,,2022-01-13 13:32:26,https://jobs.51job.com/chengdu-whq/133062046.html?s=sou_sou_soulb&t=0_0,运营专员,运营专员,133062046,绩效奖金 年终奖金 全勤奖 节日福利 五险,,0_0,0.8-1.2万/月,,engine_jds,01-13,090204,成都-武侯区,4
,,"成都-高新区,5-7年经验,本科,招1人",3798848,https://jobs.51job.com/all/co3798848.html,成都诸葛庐科技有限公司,网络游戏,少于50人,民营公司,6,1,,,,,,2022-01-06 10:34:14,https://jobs.51job.com/chengdu-gxq/132443592.html?s=sou_sou_soulb&t=0_0,ERP开发工程师,ERP开发工程师,132443592,五险一金 团建活动 年终奖金 绩效奖金 员工旅游 下午茶 周末双休 生日福利,,0_0,1-2万/月,,engine_jds,01-06,090220,成都-高新区,6
,,"成都-郫都区,在校生/应届生,本科,招若干人",4414015,https://jobs.51job.com/all/co4414015.html,成都网感科技有限公司,仪器仪表/工业自动化,少于50人,民营公司,6,1,,,,,,2022-03-03 16:36:23,https://jobs.51job.com/chengdu-pdq/134126869.html?s=sou_sou_soulb&t=0_0,跨境电商运营,跨境电商运营,134126869,五险一金 定期体检 员工旅游 全勤奖 待薪休假,,0_0,6-8千/月,,engine_jds,03-03,090216,成都-郫都区,1
,,"成都-武侯区,在校生/应届生,大专,招20人",6577810,https://jobs.51job.com/all/coBmZTMlQwBTxWOwVnXDk.html,四川初卓商务服务有限公司,互联网/电子商务,150-500人,民营公司,5,1,,,,,,2022-03-06 16:54:49,https://jobs.51job.com/chengdu-whq/134332460.html?s=sou_sou_soulb&t=0_0,电商专员/无责2800/接受实习生,电商专员/无责2800/接受实习生,134332460,交通补贴 餐饮补贴 绩效奖金 高温补贴 过节费 年终奖金 专业培训 高额公积金 降温补贴 五险一金,,0_0,4-6千/月,,engine_jds,03-06,090204,成都-武侯区,1
,,"成都-武侯区,在校生/应届生,本科,招2人",4939764,https://jobs.51job.com/all/co4939764.html,成都寰宇智汇科技有限公司,互联网/电子商务,少于50人,民营公司,6,1,,,,,,2022-03-05 17:00:01,https://jobs.51job.com/chengdu-whq/131709441.html?s=sou_sou_soulb&t=0_0,eBay亚马逊产品开发专员,eBay亚马逊产品开发专员,131709441,五险一金 员工旅游 年终奖金,,0_0,0.5-1.5万/月,,engine_jds,03-05,090204,成都-武侯区,1
,,"绍兴,在校生/应届生,本科,招5人",3839754,https://jobs.51job.com/all/co3839754.html,绍兴永升化纤有限公司,互联网/电子商务,150-500人,民营公司,6,1,,1,,1,1,2022-03-05 13:21:38,https://jobs.51job.com/shaoxing-ycq/131807568.html?s=sou_sou_soulb&t=0_1,西班牙/荷兰/瑞典语亚马逊运营,西班牙/荷兰/瑞典语亚马逊运营,131807568,,,0_1,0.6-1.5万/月,"intern,communicate",engine_jds,03-05,080501,绍兴,1
,,"成都-武侯区,在校生/应届生,本科,招3人",3532756,https://jobs.51job.com/all/co3532756.html,广州金菇棒电子商务有限公司,互联网/电子商务,50-150人,民营公司,6,1,,,,,,2022-03-04 10:58:55,https://jobs.51job.com/chengdu-whq/138303024.html?s=sou_sou_soulb&t=0_0,海外推广（成都）,海外推广（成都）,138303024,绩效奖金 节日福利 加班补贴 带薪年假 发工资准时,,0_0,4-5千/月,,engine_jds,03-04,090204,成都-武侯区,1
,,"义乌,在校生/应届生,大专,招10人",5008513,https://jobs.51job.com/all/co5008513.html,义乌市玺岳电子商务有限公司,互联网/电子商务,少于50人,民营公司,5,1,,,,,1,2022-03-03 14:06:24,https://jobs.51job.com/yiwu/122658285.html?s=sou_sou_soulb&t=0_1,日语营业担当（跨境电商）,日语营业担当（跨境电商）,122658285,员工旅游 年终奖金 定期体检 节日福利 包住及餐补 提成 通讯补贴 五险一金 绩效奖金,,0_1,6-8千/月,,engine_jds,03-03,081400,义乌,1
,,"成都-锦江区,在校生/应届生,大专,招2人",6670929,https://jobs.51job.com/all/coBWUGZAdjUmxRPVQ1AGw.html,四川中旭智汇科技有限公司,计算机软件,,民营公司,5,1,,,,,,2022-03-03 17:34:10,https://jobs.51job.com/chengdu-jjq/133947673.html?s=sou_sou_soulb&t=0_0,数据分析助理,数据分析助理,133947673,,,0_0,0.8-1万/月,,engine_jds,03-03,090202,成都-锦江区,1
,,"成都-锦江区,3-4年经验,本科,招若干人",2170767,https://jobs.51job.com/all/co2170767.html,四川OPPO,通信/电信/网络设备,1000-5000人,民营公司,6,1,,,,,,2022-03-03 16:04:19,https://jobs.51job.com/chengdu-jjq/138542708.html?s=sou_sou_soulb&t=0_0,跨境电商运营主管,跨境电商运营主管,138542708,专业培训 年终奖金 餐饮补贴 通讯补贴 节假日福利 带薪年假 生日福利 五险 绩效奖金,,0_0,1-1.5万/月,,engine_jds,03-03,090202,成都-锦江区,5
,,"成都,2年经验,大专,招10人",6054661,https://jobs.51job.com/all/co6054661.html,深圳市钰鸣网络科技有限公司,计算机软件,50-150人,民营公司,5,1,,,,,,2022-03-04 09:18:02,https://jobs.51job.com/chengdu/128931730.html?s=sou_sou_soulb&t=0_0,亚马逊运营-异地招聘 成都,亚马逊运营-异地招聘 成都,128931730,,,0_0,0.8-1万/月,,engine_jds,03-04,090200,成都,4
,,"成都-武侯区,2年经验,大专,招1人",6857113,https://jobs.51job.com/all/coAmJSPlE3Vm8OagBiAGY.html,成都汉姆冷烟科技有限公司,电子技术/半导体/集成电路,少于50人,民营公司,5,1,,,,,,2022-03-06 04:01:59,https://jobs.51job.com/chengdu-whq/138559893.html?s=sou_sou_soulb&t=0_0,跨境电商亚马逊运营主管,跨境电商亚马逊运营主管,138559893,五险一金 餐饮补贴 交通补贴,,0_0,0.5-1万/月,,engine_jds,03-06,090204,成都-武侯区,4
,,"成都-武侯区,1年经验,大专,招3人",6592271,https://jobs.51job.com/all/coAWEAYQVvVWlRNgVhVDA.html,成都市荣兴致远科技有限公司,金融/投资/证券,少于50人,民营公司,5,1,,,,1,,2022-03-06 14:00:01,https://jobs.51job.com/chengdu-whq/137082264.html?s=sou_sou_soulb&t=0_0,跨境电商招商顾问+提成+社保,跨境电商招商顾问+提成+社保,137082264,全勤奖 节日福利 餐饮补贴,,0_0,0.8-1万/月,communicate,engine_jds,03-06,090204,成都-武侯区,3
,,"成都-武侯区,无需经验,招20人",6592271,https://jobs.51job.com/all/coAWEAYQVvVWlRNgVhVDA.html,成都市荣兴致远科技有限公司,金融/投资/证券,少于50人,民营公司,,1,,,,,,2022-03-06 14:00:01,https://jobs.51job.com/chengdu-whq/132553896.html?s=sou_sou_soulb&t=0_0,跨境电商网销（无责底薪4k+社保）,跨境电商网销（无责底薪4k+社保）,132553896,弹性工作 带薪年假 绩效奖金 全勤奖 节日福利 专业培训 交通补贴,,0_0,0.8-1万/月,,engine_jds,03-06,090204,成都-武侯区,10
,,"成都-新都区,1年经验,大专,招若干人",2531935,https://jobs.51job.com/all/co2531935.html,北京华夏志勇科技发展有限公司,贸易/进出口,150-500人,民营公司,5,1,,,,,,2022-03-05 09:08:53,https://jobs.51job.com/chengdu-xdq/108794837.html?s=sou_sou_soulb&t=0_0,（日语）成都跨境电商运营/销售专员,（日语）成都跨境电商运营/销售专员,108794837,全勤奖 节日福利 专业培训 带薪年假 餐饮补贴,,0_0,4.5-6千/月,,engine_jds,03-05,090208,成都-新都区,3
,,"成都-新都区,1年经验,大专,招若干人",2531935,https://jobs.51job.com/all/co2531935.html,北京华夏志勇科技发展有限公司,贸易/进出口,150-500人,民营公司,5,1,,,,,,2022-03-05 09:08:51,https://jobs.51job.com/chengdu-xdq/108794755.html?s=sou_sou_soulb&t=0_0,（德语）成都跨境电商运营/销售专员,（德语）成都跨境电商运营/销售专员,108794755,全勤奖 节日福利 专业培训 带薪年假 餐饮补贴 绩效奖励,,0_0,3.5-9千/月,,engine_jds,03-05,090208,成都-新都区,3
,,"成都-新都区,1年经验,大专,招若干人",2531935,https://jobs.51job.com/all/co2531935.html,北京华夏志勇科技发展有限公司,贸易/进出口,150-500人,民营公司,5,1,,,,,,2022-03-05 09:08:47,https://jobs.51job.com/chengdu-xdq/108793788.html?s=sou_sou_soulb&t=0_0,（英语）成都跨境电商运营/销售专员,（英语）成都跨境电商运营/销售专员,108793788,全勤奖 节日福利 专业培训 带薪年假 餐饮补贴,,0_0,3-8千/月,,engine_jds,03-05,090208,成都-新都区,3
,,"成都-新都区,无需经验,大专,招2人",2531935,https://jobs.51job.com/all/co2531935.html,北京华夏志勇科技发展有限公司,贸易/进出口,150-500人,民营公司,5,1,,,,,,2022-03-05 09:08:41,https://jobs.51job.com/chengdu-xdq/137079139.html?s=sou_sou_soulb&t=0_0,跨境电商运营- ebay亚马逊速卖通,跨境电商运营- ebay亚马逊速卖通,137079139,全勤奖 节日福利 专业培训 带薪年假 五险一金 绩效奖金 年终奖金 员工旅游,,0_0,3-6千/月,,engine_jds,03-05,090208,成都-新都区,10
,,"成都-武侯区,1年经验,本科,招若干人",6400814,https://jobs.51job.com/all/co6400814.html,成都森瑙科技有限公司,贸易/进出口,50-150人,民营公司,6,1,,,,,,2022-03-05 09:01:00,https://jobs.51job.com/chengdu-whq/129868031.html?s=sou_sou_soulb&t=0_0,跨境电商运营,跨境电商运营,129868031,五险一金 绩效奖金 专业培训 员工旅游 年终双薪,,0_0,6.5-9千/月,,engine_jds,03-05,090204,成都-武侯区,3
,,"成都-高新区,1年经验,大专,招1人",6737507,https://jobs.51job.com/all/coVjZRMlY2Bz5SMgZlVjQ.html,成都零压之家信息技术有限公司,互联网/电子商务,少于50人,民营公司,5,1,,,,,,2022-03-04 11:16:39,https://jobs.51job.com/chengdu-gxq/135064304.html?s=sou_sou_soulb&t=0_0,跨境电商运营,跨境电商运营,135064304,五险一金 绩效奖金 节日福利 专业培训 餐饮补贴,,0_0,0.8-1万/月,,engine_jds,03-04,090220,成都-高新区,3
,,"成都-成华区,无需经验,本科,招1人",3465956,https://jobs.51job.com/all/co3465956.html,成都洛德岛科技有限公司,互联网/电子商务,50-150人,民营公司,6,1,,,,,,2022-03-04 09:14:12,https://jobs.51job.com/chengdu-chq/132397440.html?s=sou_sou_soulb&t=0_0,双休--法语运营（跨境电商/法语编辑）,双休--法语运营（跨境电商/法语编辑）,132397440,周末双休 节日福利 生日红包 年终奖金 员工旅游 专业培训 五险一金 部门活动,,0_0,5-7千/月,,engine_jds,03-04,090205,成都-成华区,10
,,"成都-成华区,3-4年经验,本科,招1人",3465956,https://jobs.51job.com/all/co3465956.html,成都洛德岛科技有限公司,互联网/电子商务,50-150人,民营公司,6,1,,,,,,2022-03-04 09:14:12,https://jobs.51job.com/chengdu-chq/114429730.html?s=sou_sou_soulb&t=0_0,双休--客服支持主管（跨境电商/英语）,双休--客服支持主管（跨境电商/英语）,114429730,五险一金 绩效奖金 年终奖金 周末双休 节日福利 生日红包 专业培训 加班补贴,,0_0,0.7-1万/月,,engine_jds,03-04,090205,成都-成华区,5
,,"成都-温江区,1年经验,大专,招2人",3209110,https://jobs.51job.com/all/co3209110.html,成都泛亚科锐硬质合金科技有限公司,贸易/进出口,少于50人,民营公司,5,1,,,,,,2022-03-02 10:05:14,https://jobs.51job.com/chengdu-wjq/132323962.html?s=sou_sou_soulb&t=0_0,SEM 跨境电商广告投放师,SEM 跨境电商广告投放师,132323962,员工旅游 专业培训 出国机会 绩效奖金 年终奖金 股票期权 全勤奖 拓展团建 六险一金 弹性工作,,0_0,6-8千/月,,engine_jds,03-02,090209,成都-温江区,3
,,"成都-温江区,2年经验,本科,招2人",3209110,https://jobs.51job.com/all/co3209110.html,成都泛亚科锐硬质合金科技有限公司,贸易/进出口,少于50人,民营公司,6,1,,,,,,2022-03-02 10:05:14,https://jobs.51job.com/chengdu-wjq/129519855.html?s=sou_sou_soulb&t=0_0,跨境电商运营推广专员,跨境电商运营推广专员,129519855,五险一金 员工旅游 专业培训 出国机会 绩效奖金 年终奖金 股票期权,,0_0,5-8千/月,,engine_jds,03-02,090209,成都-温江区,4
,,"成都-高新区,3-4年经验,本科,招1人",5649690,https://jobs.51job.com/all/co5649690.html,成都市诚涵电子商务有限公司,互联网/电子商务,50-150人,民营公司,6,1,,,,,,2022-03-01 17:35:34,https://jobs.51job.com/chengdu-gxq/136311996.html?s=sou_sou_soulb&t=0_0,产品项目经理（跨境电商）,产品项目经理（跨境电商）,136311996,五险一金 弹性工作 绩效奖金 年终奖金,,0_0,1-1.8万/月,,engine_jds,03-01,090220,成都-高新区,5
,,"成都-青羊区,1年经验,大专,招5人",5275981,https://jobs.51job.com/all/co5275981.html,成都市康特恩科技有限公司,贸易/进出口,500-1000人,民营公司,5,1,,,,,,2022-03-01 09:59:52,https://jobs.51job.com/chengdu-qyq/121800019.html?s=sou_sou_soulb&t=0_0,外贸跨境电商专员（英语/德语）,外贸跨境电商专员（英语/德语）,121800019,,,0_0,4-5千/月,,engine_jds,03-01,090201,成都-青羊区,3
,,"成都-都江堰市,无需经验,大专,招30人",6941120,https://jobs.51job.com/all/coCGgAbQJlBjlWMlEwUTQ.html,都江堰市朗鑫通讯器材经营部,通信/电信/网络设备,50-150人,民营公司,5,1,,,,,,2022-02-24 10:02:34,https://jobs.51job.com/chengdu-djys/138076232.html?s=sou_sou_soulb&t=0_0,跨境电商专员（都江堰）,跨境电商专员（都江堰）,138076232,五险 专业培训 员工旅游 年终奖金,,0_0,0.6-1.2万/月,,engine_jds,02-24,090210,成都-都江堰市,10
